"Title","Media URL","Pinterest board","Thumbnail","Description","Link","Publish date","Keywords"
"3D Abstract Shapes AI Backgrounds","https://raw.githubusercontent.com/noma-studio/noma-studio/main/pinterest-assets/uploaded/3d-abstract-shapes-backgrounds-ai-pack/06-minimal-3d-cylinders-discs-background.jpg","AI Backgrounds","","Explore 3d abstract shapes AI backgrounds for social media, product mockups, websites, printable designs, and creative projects. Get the full high-resolution background pack from Noma Studio.","https://nomastudio.gumroad.com/l/3d-abstract-shapes-backgrounds-ai-pack?utm_source=pinterest&utm_medium=social&utm_campaign=3d-abstract-shapes-backgrounds-ai-pack&utm_content=pin01","2026-05-26T12:30:00","AI backgrounds, digital backgrounds, aesthetic backgrounds, commercial use backgrounds, social media backgrounds, 3d abstract, shapes backgrounds, Noma Studio"
"3D Abstract Shapes AI Backgrounds","https://raw.githubusercontent.com/noma-studio/noma-studio/main/pinterest-assets/uploaded/3d-abstract-shapes-backgrounds-ai-pack/24-abstract-3d-tunnel-sphere-background.jpg","AI Backgrounds","","Explore 3d abstract shapes AI backgrounds for social media, product mockups, websites, printable designs, and creative projects. Get the full high-resolution background pack from Noma Studio.","https://nomastudio.gumroad.com/l/3d-abstract-shapes-backgrounds-ai-pack?utm_source=pinterest&utm_medium=social&utm_campaign=3d-abstract-shapes-backgrounds-ai-pack&utm_content=pin02","2026-05-26T12:50:00","AI backgrounds, digital backgrounds, aesthetic backgrounds, commercial use backgrounds, social media backgrounds, 3d abstract, shapes backgrounds, Noma Studio"
"3D Abstract Shapes AI Backgrounds","https://raw.githubusercontent.com/noma-studio/noma-studio/main/pinterest-assets/uploaded/3d-abstract-shapes-backgrounds-ai-pack/30-complete-3d-abstract-shapes-toolkit-scene.jpg","AI Backgrounds","","Explore 3d abstract shapes AI backgrounds for social media, product mockups, websites, printable designs, and creative projects. Get the full high-resolution background pack from Noma Studio.","https://nomastudio.gumroad.com/l/3d-abstract-shapes-backgrounds-ai-pack?utm_source=pinterest&utm_medium=social&utm_campaign=3d-abstract-shapes-backgrounds-ai-pack&utm_content=pin03","2026-05-26T13:10:00","AI backgrounds, digital backgrounds, aesthetic backgrounds, commercial use backgrounds, social media backgrounds, 3d abstract, shapes backgrounds, Noma Studio"
"Alpine Village Travel Lifestyle AI Stock Photos","https://raw.githubusercontent.com/noma-studio/noma-studio/main/pinterest-assets/uploaded/alpine-village-travel-lifestyle-ai-photo-pack/04-bright-daytime-alpine-village-riverside-scene.jpg","AI Stock Photos","","Discover high-quality AI stock photos for alpine village travel lifestyle, perfect for Pinterest content, social posts, blogs, shops, mood boards, and digital product visuals. Download the full commercial-use image pack from Noma Studio.","https://nomastudio.gumroad.com/l/alpine-village-travel-lifestyle-ai-photo-pack?utm_source=pinterest&utm_medium=social&utm_campaign=alpine-village-travel-lifestyle-ai-photo-pack&utm_content=pin01","2026-05-26T13:30:00","AI stock photos, stock photo pack, commercial use images, aesthetic photos, social media content, alpine village, travel lifestyle, Noma Studio"
"Alpine Village Travel Lifestyle AI Stock Photos","https://raw.githubusercontent.com/noma-studio/noma-studio/main/pinterest-assets/uploaded/alpine-village-travel-lifestyle-ai-photo-pack/14-classic-european-alpine-village-canal-scene.jpg","AI Stock Photos","","Discover high-quality AI stock photos for alpine village travel lifestyle, perfect for Pinterest content, social posts, blogs, shops, mood boards, and digital product visuals. Download the full commercial-use image pack from Noma Studio.","https://nomastudio.gumroad.com/l/alpine-village-travel-lifestyle-ai-photo-pack?utm_source=pinterest&utm_medium=social&utm_campaign=alpine-village-travel-lifestyle-ai-photo-pack&utm_content=pin02","2026-05-26T13:50:00","AI stock photos, stock photo pack, commercial use images, aesthetic photos, social media content, alpine village, travel lifestyle, Noma Studio"
"Alpine Village Travel Lifestyle AI Stock Photos","https://raw.githubusercontent.com/noma-studio/noma-studio/main/pinterest-assets/uploaded/alpine-village-travel-lifestyle-ai-photo-pack/30-alpine-village-travel-toolkit-scene.jpg","AI Stock Photos","","Discover high-quality AI stock photos for alpine village travel lifestyle, perfect for Pinterest content, social posts, blogs, shops, mood boards, and digital product visuals. Download the full commercial-use image pack from Noma Studio.","https://nomastudio.gumroad.com/l/alpine-village-travel-lifestyle-ai-photo-pack?utm_source=pinterest&utm_medium=social&utm_campaign=alpine-village-travel-lifestyle-ai-photo-pack&utm_content=pin03","2026-05-26T14:10:00","AI stock photos, stock photo pack, commercial use images, aesthetic photos, social media content, alpine village, travel lifestyle, Noma Studio"
"Bold Modern Gradient and Abstract AI Backgrounds","https://raw.githubusercontent.com/noma-studio/noma-studio/main/pinterest-assets/uploaded/bold-modern-gradient-abstract-backgrounds-ai-pack/08-liquid-chrome-gradient-background.jpg","AI Backgrounds","","Explore bold modern gradient and abstract AI backgrounds for social media, product mockups, websites, printable designs, and creative projects. Get the full high-resolution background pack from Noma Studio.","https://nomastudio.gumroad.com/l/bold-modern-gradient-abstract-backgrounds-ai-pack?utm_source=pinterest&utm_medium=social&utm_campaign=bold-modern-gradient-abstract-backgrounds-ai-pack&utm_content=pin01","2026-05-26T14:30:00","AI backgrounds, digital backgrounds, aesthetic backgrounds, commercial use backgrounds, social media backgrounds, bold modern, gradient abstract, backgrounds, Noma Studio"
"Bold Modern Gradient and Abstract AI Backgrounds","https://raw.githubusercontent.com/noma-studio/noma-studio/main/pinterest-assets/uploaded/bold-modern-gradient-abstract-backgrounds-ai-pack/21-bold-red-magenta-wave-background.jpg","AI Backgrounds","","Explore bold modern gradient and abstract AI backgrounds for social media, product mockups, websites, printable designs, and creative projects. Get the full high-resolution background pack from Noma Studio.","https://nomastudio.gumroad.com/l/bold-modern-gradient-abstract-backgrounds-ai-pack?utm_source=pinterest&utm_medium=social&utm_campaign=bold-modern-gradient-abstract-backgrounds-ai-pack&utm_content=pin02","2026-05-27T00:30:00","AI backgrounds, digital backgrounds, aesthetic backgrounds, commercial use backgrounds, social media backgrounds, bold modern, gradient abstract, backgrounds, Noma Studio"
"Bold Modern Gradient and Abstract AI Backgrounds","https://raw.githubusercontent.com/noma-studio/noma-studio/main/pinterest-assets/uploaded/bold-modern-gradient-abstract-backgrounds-ai-pack/30-complete-bold-abstract-backgrounds-toolkit-scene.jpg","AI Backgrounds","","Explore bold modern gradient and abstract AI backgrounds for social media, product mockups, websites, printable designs, and creative projects. Get the full high-resolution background pack from Noma Studio.","https://nomastudio.gumroad.com/l/bold-modern-gradient-abstract-backgrounds-ai-pack?utm_source=pinterest&utm_medium=social&utm_campaign=bold-modern-gradient-abstract-backgrounds-ai-pack&utm_content=pin03","2026-05-27T00:50:00","AI backgrounds, digital backgrounds, aesthetic backgrounds, commercial use backgrounds, social media backgrounds, bold modern, gradient abstract, backgrounds, Noma Studio"
"Bookish Lifestyle Reading Aesthetic AI Stock Photos","https://raw.githubusercontent.com/noma-studio/noma-studio/main/pinterest-assets/uploaded/bookish-lifestyle-reading-aesthetic-ai-photo-pack/24-cozy-home-reading-scene-multiple-books.jpg","AI Stock Photos","","Discover high-quality AI stock photos for bookish lifestyle reading aesthetic, perfect for Pinterest content, social posts, blogs, shops, mood boards, and digital product visuals. Download the full commercial-use image pack from Noma Studio.","https://nomastudio.gumroad.com/l/bookish-lifestyle-reading-aesthetic-ai-photo-pack?utm_source=pinterest&utm_medium=social&utm_campaign=bookish-lifestyle-reading-aesthetic-ai-photo-pack&utm_content=pin01","2026-05-27T01:10:00","AI stock photos, stock photo pack, commercial use images, aesthetic photos, social media content, bookish lifestyle, reading aesthetic, Noma Studio"
"Bookish Lifestyle Reading Aesthetic AI Stock Photos","https://raw.githubusercontent.com/noma-studio/noma-studio/main/pinterest-assets/uploaded/bookish-lifestyle-reading-aesthetic-ai-photo-pack/27-bookish-lifestyle-flat-lay-everyday-essentials.jpg","AI Stock Photos","","Discover high-quality AI stock photos for bookish lifestyle reading aesthetic, perfect for Pinterest content, social posts, blogs, shops, mood boards, and digital product visuals. Download the full commercial-use image pack from Noma Studio.","https://nomastudio.gumroad.com/l/bookish-lifestyle-reading-aesthetic-ai-photo-pack?utm_source=pinterest&utm_medium=social&utm_campaign=bookish-lifestyle-reading-aesthetic-ai-photo-pack&utm_content=pin02","2026-05-27T01:30:00","AI stock photos, stock photo pack, commercial use images, aesthetic photos, social media content, bookish lifestyle, reading aesthetic, Noma Studio"
"Bookish Lifestyle Reading Aesthetic AI Stock Photos","https://raw.githubusercontent.com/noma-studio/noma-studio/main/pinterest-assets/uploaded/bookish-lifestyle-reading-aesthetic-ai-photo-pack/30-complete-bookish-lifestyle-toolkit-scene.jpg","AI Stock Photos","","Discover high-quality AI stock photos for bookish lifestyle reading aesthetic, perfect for Pinterest content, social posts, blogs, shops, mood boards, and digital product visuals. Download the full commercial-use image pack from Noma Studio.","https://nomastudio.gumroad.com/l/bookish-lifestyle-reading-aesthetic-ai-photo-pack?utm_source=pinterest&utm_medium=social&utm_campaign=bookish-lifestyle-reading-aesthetic-ai-photo-pack&utm_content=pin03","2026-05-27T01:50:00","AI stock photos, stock photo pack, commercial use images, aesthetic photos, social media content, bookish lifestyle, reading aesthetic, Noma Studio"
"Breakfast and Brunch Lifestyle AI Stock Photos","https://raw.githubusercontent.com/noma-studio/noma-studio/main/pinterest-assets/uploaded/breakfast-brunch-lifestyle-ai-photo-pack/20-brunch-bakery-table-croissants-coffee.jpg","AI Stock Photos","","Discover high-quality AI stock photos for breakfast and brunch lifestyle, perfect for Pinterest content, social posts, blogs, shops, mood boards, and digital product visuals. Download the full commercial-use image pack from Noma Studio.","https://nomastudio.gumroad.com/l/breakfast-brunch-lifestyle-ai-photo-pack?utm_source=pinterest&utm_medium=social&utm_campaign=breakfast-brunch-lifestyle-ai-photo-pack&utm_content=pin01","2026-05-27T02:10:00","AI stock photos, stock photo pack, commercial use images, aesthetic photos, social media content, breakfast brunch, lifestyle, Noma Studio"
"Breakfast and Brunch Lifestyle AI Stock Photos","https://raw.githubusercontent.com/noma-studio/noma-studio/main/pinterest-assets/uploaded/breakfast-brunch-lifestyle-ai-photo-pack/27-brunch-lifestyle-flat-lay-everyday-essentials.jpg","AI Stock Photos","","Discover high-quality AI stock photos for breakfast and brunch lifestyle, perfect for Pinterest content, social posts, blogs, shops, mood boards, and digital product visuals. Download the full commercial-use image pack from Noma Studio.","https://nomastudio.gumroad.com/l/breakfast-brunch-lifestyle-ai-photo-pack?utm_source=pinterest&utm_medium=social&utm_campaign=breakfast-brunch-lifestyle-ai-photo-pack&utm_content=pin02","2026-05-27T02:30:00","AI stock photos, stock photo pack, commercial use images, aesthetic photos, social media content, breakfast brunch, lifestyle, Noma Studio"
"Breakfast and Brunch Lifestyle AI Stock Photos","https://raw.githubusercontent.com/noma-studio/noma-studio/main/pinterest-assets/uploaded/breakfast-brunch-lifestyle-ai-photo-pack/30-complete-breakfast-brunch-lifestyle-toolkit-scene.jpg","AI Stock Photos","","Discover high-quality AI stock photos for breakfast and brunch lifestyle, perfect for Pinterest content, social posts, blogs, shops, mood boards, and digital product visuals. Download the full commercial-use image pack from Noma Studio.","https://nomastudio.gumroad.com/l/breakfast-brunch-lifestyle-ai-photo-pack?utm_source=pinterest&utm_medium=social&utm_campaign=breakfast-brunch-lifestyle-ai-photo-pack&utm_content=pin03","2026-05-27T12:30:00","AI stock photos, stock photo pack, commercial use images, aesthetic photos, social media content, breakfast brunch, lifestyle, Noma Studio"
"Calm Nature Landscape AI Backgrounds","https://raw.githubusercontent.com/noma-studio/noma-studio/main/pinterest-assets/uploaded/calm-nature-landscape-backgrounds-ai-pack/26-calm-river-path-nature-scene.jpg","AI Backgrounds","","Explore calm nature landscape AI backgrounds for social media, product mockups, websites, printable designs, and creative projects. Get the full high-resolution background pack from Noma Studio.","https://nomastudio.gumroad.com/l/calm-nature-landscape-backgrounds-ai-photo-pack?utm_source=pinterest&utm_medium=social&utm_campaign=calm-nature-landscape-backgrounds-ai-pack&utm_content=pin01","2026-05-27T12:50:00","AI backgrounds, digital backgrounds, aesthetic backgrounds, commercial use backgrounds, social media backgrounds, calm nature, landscape backgrounds, Noma Studio"
"Calm Nature Landscape AI Backgrounds","https://raw.githubusercontent.com/noma-studio/noma-studio/main/pinterest-assets/uploaded/calm-nature-landscape-backgrounds-ai-pack/28-outdoor-mindfulness-background-scene.jpg","AI Backgrounds","","Explore calm nature landscape AI backgrounds for social media, product mockups, websites, printable designs, and creative projects. Get the full high-resolution background pack from Noma Studio.","https://nomastudio.gumroad.com/l/calm-nature-landscape-backgrounds-ai-photo-pack?utm_source=pinterest&utm_medium=social&utm_campaign=calm-nature-landscape-backgrounds-ai-pack&utm_content=pin02","2026-05-27T13:10:00","AI backgrounds, digital backgrounds, aesthetic backgrounds, commercial use backgrounds, social media backgrounds, calm nature, landscape backgrounds, Noma Studio"
"Calm Nature Landscape AI Backgrounds","https://raw.githubusercontent.com/noma-studio/noma-studio/main/pinterest-assets/uploaded/calm-nature-landscape-backgrounds-ai-pack/30-calm-nature-landscape-toolkit-scene.jpg","AI Backgrounds","","Explore calm nature landscape AI backgrounds for social media, product mockups, websites, printable designs, and creative projects. Get the full high-resolution background pack from Noma Studio.","https://nomastudio.gumroad.com/l/calm-nature-landscape-backgrounds-ai-photo-pack?utm_source=pinterest&utm_medium=social&utm_campaign=calm-nature-landscape-backgrounds-ai-pack&utm_content=pin03","2026-05-27T13:30:00","AI backgrounds, digital backgrounds, aesthetic backgrounds, commercial use backgrounds, social media backgrounds, calm nature, landscape backgrounds, Noma Studio"
"Canva Social Media Template AI Backgrounds","https://raw.githubusercontent.com/noma-studio/noma-studio/main/pinterest-assets/uploaded/canva-social-media-template-backgrounds-ai-pack/03-light-cream-desk-inspired-flat-background.jpg","AI Backgrounds","","Explore canva social media template AI backgrounds for social media, product mockups, websites, printable designs, and creative projects. Get the full high-resolution background pack from Noma Studio.","https://nomastudio.gumroad.com/l/canva-social-media-template-backgrounds-ai-pack?utm_source=pinterest&utm_medium=social&utm_campaign=canva-social-media-template-backgrounds-ai-pack&utm_content=pin01","2026-05-27T13:50:00","AI backgrounds, digital backgrounds, aesthetic backgrounds, commercial use backgrounds, social media backgrounds, canva social, media template, backgrounds, Noma Studio"
"Canva Social Media Template AI Backgrounds","https://raw.githubusercontent.com/noma-studio/noma-studio/main/pinterest-assets/uploaded/canva-social-media-template-backgrounds-ai-pack/16-minimal-black-beige-promo-background.jpg","AI Backgrounds","","Explore canva social media template AI backgrounds for social media, product mockups, websites, printable designs, and creative projects. Get the full high-resolution background pack from Noma Studio.","https://nomastudio.gumroad.com/l/canva-social-media-template-backgrounds-ai-pack?utm_source=pinterest&utm_medium=social&utm_campaign=canva-social-media-template-backgrounds-ai-pack&utm_content=pin02","2026-05-27T14:10:00","AI backgrounds, digital backgrounds, aesthetic backgrounds, commercial use backgrounds, social media backgrounds, canva social, media template, backgrounds, Noma Studio"
"Canva Social Media Template AI Backgrounds","https://raw.githubusercontent.com/noma-studio/noma-studio/main/pinterest-assets/uploaded/canva-social-media-template-backgrounds-ai-pack/30-complete-canva-background-toolkit-scene.jpg","AI Backgrounds","","Explore canva social media template AI backgrounds for social media, product mockups, websites, printable designs, and creative projects. Get the full high-resolution background pack from Noma Studio.","https://nomastudio.gumroad.com/l/canva-social-media-template-backgrounds-ai-pack?utm_source=pinterest&utm_medium=social&utm_campaign=canva-social-media-template-backgrounds-ai-pack&utm_content=pin03","2026-05-27T14:30:00","AI backgrounds, digital backgrounds, aesthetic backgrounds, commercial use backgrounds, social media backgrounds, canva social, media template, backgrounds, Noma Studio"
"City Walk Urban Lifestyle AI Stock Photos","https://raw.githubusercontent.com/noma-studio/noma-studio/main/pinterest-assets/uploaded/city-walk-urban-lifestyle-ai-photo-pack/09-09.jpg","AI Stock Photos","","Discover high-quality AI stock photos for city walk urban lifestyle, perfect for Pinterest content, social posts, blogs, shops, mood boards, and digital product visuals. Download the full commercial-use image pack from Noma Studio.","https://nomastudio.gumroad.com/l/city-walk-urban-lifestyle-ai-photo-pack?utm_source=pinterest&utm_medium=social&utm_campaign=city-walk-urban-lifestyle-ai-photo-pack&utm_content=pin01","2026-05-28T00:30:00","AI stock photos, stock photo pack, commercial use images, aesthetic photos, social media content, city walk, urban lifestyle, Noma Studio"
"City Walk Urban Lifestyle AI Stock Photos","https://raw.githubusercontent.com/noma-studio/noma-studio/main/pinterest-assets/uploaded/city-walk-urban-lifestyle-ai-photo-pack/14-14.jpg","AI Stock Photos","","Discover high-quality AI stock photos for city walk urban lifestyle, perfect for Pinterest content, social posts, blogs, shops, mood boards, and digital product visuals. Download the full commercial-use image pack from Noma Studio.","https://nomastudio.gumroad.com/l/city-walk-urban-lifestyle-ai-photo-pack?utm_source=pinterest&utm_medium=social&utm_campaign=city-walk-urban-lifestyle-ai-photo-pack&utm_content=pin02","2026-05-28T00:50:00","AI stock photos, stock photo pack, commercial use images, aesthetic photos, social media content, city walk, urban lifestyle, Noma Studio"
"City Walk Urban Lifestyle AI Stock Photos","https://raw.githubusercontent.com/noma-studio/noma-studio/main/pinterest-assets/uploaded/city-walk-urban-lifestyle-ai-photo-pack/29-29.jpg","AI Stock Photos","","Discover high-quality AI stock photos for city walk urban lifestyle, perfect for Pinterest content, social posts, blogs, shops, mood boards, and digital product visuals. Download the full commercial-use image pack from Noma Studio.","https://nomastudio.gumroad.com/l/city-walk-urban-lifestyle-ai-photo-pack?utm_source=pinterest&utm_medium=social&utm_campaign=city-walk-urban-lifestyle-ai-photo-pack&utm_content=pin03","2026-05-28T01:10:00","AI stock photos, stock photo pack, commercial use images, aesthetic photos, social media content, city walk, urban lifestyle, Noma Studio"
"Coffee and Bakery Lifestyle AI Stock Photos","https://raw.githubusercontent.com/noma-studio/noma-studio/main/pinterest-assets/uploaded/coffee-bakery-lifestyle-ai-photo-pack/21-coffee-muffin-cozy-cafe-table.jpg","AI Stock Photos","","Discover high-quality AI stock photos for coffee and bakery lifestyle, perfect for Pinterest content, social posts, blogs, shops, mood boards, and digital product visuals. Download the full commercial-use image pack from Noma Studio.","https://nomastudio.gumroad.com/l/coffee-bakery-lifestyle-ai-photo-pack?utm_source=pinterest&utm_medium=social&utm_campaign=coffee-bakery-lifestyle-ai-photo-pack&utm_content=pin01","2026-05-28T01:30:00","AI stock photos, stock photo pack, commercial use images, aesthetic photos, social media content, coffee bakery, lifestyle, Noma Studio"
"Coffee and Bakery Lifestyle AI Stock Photos","https://raw.githubusercontent.com/noma-studio/noma-studio/main/pinterest-assets/uploaded/coffee-bakery-lifestyle-ai-photo-pack/26-bakery-brunch-table-coffee-pastries.jpg","AI Stock Photos","","Discover high-quality AI stock photos for coffee and bakery lifestyle, perfect for Pinterest content, social posts, blogs, shops, mood boards, and digital product visuals. Download the full commercial-use image pack from Noma Studio.","https://nomastudio.gumroad.com/l/coffee-bakery-lifestyle-ai-photo-pack?utm_source=pinterest&utm_medium=social&utm_campaign=coffee-bakery-lifestyle-ai-photo-pack&utm_content=pin02","2026-05-28T01:50:00","AI stock photos, stock photo pack, commercial use images, aesthetic photos, social media content, coffee bakery, lifestyle, Noma Studio"
"Coffee and Bakery Lifestyle AI Stock Photos","https://raw.githubusercontent.com/noma-studio/noma-studio/main/pinterest-assets/uploaded/coffee-bakery-lifestyle-ai-photo-pack/30-complete-coffee-bakery-lifestyle-toolkit-scene.jpg","AI Stock Photos","","Discover high-quality AI stock photos for coffee and bakery lifestyle, perfect for Pinterest content, social posts, blogs, shops, mood boards, and digital product visuals. Download the full commercial-use image pack from Noma Studio.","https://nomastudio.gumroad.com/l/coffee-bakery-lifestyle-ai-photo-pack?utm_source=pinterest&utm_medium=social&utm_campaign=coffee-bakery-lifestyle-ai-photo-pack&utm_content=pin03","2026-05-28T02:10:00","AI stock photos, stock photo pack, commercial use images, aesthetic photos, social media content, coffee bakery, lifestyle, Noma Studio"
"Cozy Home Decor and Interior Lifestyle AI Stock Photos","https://raw.githubusercontent.com/noma-studio/noma-studio/main/pinterest-assets/uploaded/cozy-home-decor-interior-lifestyle-ai-photo-pack/19-cozy-breakfast-nook-interior-scene.jpg","AI Stock Photos","","Discover high-quality AI stock photos for cozy home decor and interior lifestyle, perfect for Pinterest content, social posts, blogs, shops, mood boards, and digital product visuals. Download the full commercial-use image pack from Noma Studio.","https://nomastudio.gumroad.com/l/cozy-home-decor-interior-lifestyle-ai-photo-pack?utm_source=pinterest&utm_medium=social&utm_campaign=cozy-home-decor-interior-lifestyle-ai-photo-pack&utm_content=pin01","2026-05-28T02:30:00","AI stock photos, stock photo pack, commercial use images, aesthetic photos, social media content, cozy home, decor interior, lifestyle, Noma Studio"
"Cozy Home Decor and Interior Lifestyle AI Stock Photos","https://raw.githubusercontent.com/noma-studio/noma-studio/main/pinterest-assets/uploaded/cozy-home-decor-interior-lifestyle-ai-photo-pack/27-cozy-home-decor-lifestyle-flat-lay.jpg","AI Stock Photos","","Discover high-quality AI stock photos for cozy home decor and interior lifestyle, perfect for Pinterest content, social posts, blogs, shops, mood boards, and digital product visuals. Download the full commercial-use image pack from Noma Studio.","https://nomastudio.gumroad.com/l/cozy-home-decor-interior-lifestyle-ai-photo-pack?utm_source=pinterest&utm_medium=social&utm_campaign=cozy-home-decor-interior-lifestyle-ai-photo-pack&utm_content=pin02","2026-05-28T12:30:00","AI stock photos, stock photo pack, commercial use images, aesthetic photos, social media content, cozy home, decor interior, lifestyle, Noma Studio"
"Cozy Home Decor and Interior Lifestyle AI Stock Photos","https://raw.githubusercontent.com/noma-studio/noma-studio/main/pinterest-assets/uploaded/cozy-home-decor-interior-lifestyle-ai-photo-pack/30-complete-cozy-home-decor-toolkit-scene.jpg","AI Stock Photos","","Discover high-quality AI stock photos for cozy home decor and interior lifestyle, perfect for Pinterest content, social posts, blogs, shops, mood boards, and digital product visuals. Download the full commercial-use image pack from Noma Studio.","https://nomastudio.gumroad.com/l/cozy-home-decor-interior-lifestyle-ai-photo-pack?utm_source=pinterest&utm_medium=social&utm_campaign=cozy-home-decor-interior-lifestyle-ai-photo-pack&utm_content=pin03","2026-05-28T12:50:00","AI stock photos, stock photo pack, commercial use images, aesthetic photos, social media content, cozy home, decor interior, lifestyle, Noma Studio"
"Cute Kawaii Pattern AI Backgrounds","https://raw.githubusercontent.com/noma-studio/noma-studio/main/pinterest-assets/uploaded/cute-kawaii-pattern-backgrounds-ai-pack/18-cute-breakfast-icon-pattern.jpg","AI Backgrounds","","Explore cute kawaii pattern AI backgrounds for social media, product mockups, websites, printable designs, and creative projects. Get the full high-resolution background pack from Noma Studio.","https://nomastudio.gumroad.com/l/cute-kawaii-pattern-backgrounds-ai-pack?utm_source=pinterest&utm_medium=social&utm_campaign=cute-kawaii-pattern-backgrounds-ai-pack&utm_content=pin01","2026-05-28T13:10:00","AI backgrounds, digital backgrounds, aesthetic backgrounds, commercial use backgrounds, social media backgrounds, cute kawaii, pattern backgrounds, Noma Studio"
"Cute Kawaii Pattern AI Backgrounds","https://raw.githubusercontent.com/noma-studio/noma-studio/main/pinterest-assets/uploaded/cute-kawaii-pattern-backgrounds-ai-pack/28-cute-garden-vegetable-pattern.jpg","AI Backgrounds","","Explore cute kawaii pattern AI backgrounds for social media, product mockups, websites, printable designs, and creative projects. Get the full high-resolution background pack from Noma Studio.","https://nomastudio.gumroad.com/l/cute-kawaii-pattern-backgrounds-ai-pack?utm_source=pinterest&utm_medium=social&utm_campaign=cute-kawaii-pattern-backgrounds-ai-pack&utm_content=pin02","2026-05-28T13:30:00","AI backgrounds, digital backgrounds, aesthetic backgrounds, commercial use backgrounds, social media backgrounds, cute kawaii, pattern backgrounds, Noma Studio"
"Cute Kawaii Pattern AI Backgrounds","https://raw.githubusercontent.com/noma-studio/noma-studio/main/pinterest-assets/uploaded/cute-kawaii-pattern-backgrounds-ai-pack/30-complete-kawaii-pattern-backgrounds-toolkit-scene.jpg","AI Backgrounds","","Explore cute kawaii pattern AI backgrounds for social media, product mockups, websites, printable designs, and creative projects. Get the full high-resolution background pack from Noma Studio.","https://nomastudio.gumroad.com/l/cute-kawaii-pattern-backgrounds-ai-pack?utm_source=pinterest&utm_medium=social&utm_campaign=cute-kawaii-pattern-backgrounds-ai-pack&utm_content=pin03","2026-05-28T13:50:00","AI backgrounds, digital backgrounds, aesthetic backgrounds, commercial use backgrounds, social media backgrounds, cute kawaii, pattern backgrounds, Noma Studio"
"Cute Kids Coloring Pages and Line Art Printable Resources","https://raw.githubusercontent.com/noma-studio/noma-studio/main/pinterest-assets/uploaded/cute-kids-coloring-pages-line-art-ai-pack/02-bunny-flower-garden.jpg","Printable Resources","","Find ready-to-use printable resources for cute kids coloring pages and line art, made for planners, kids activities, stickers, wall art, Etsy listings, and creative downloads. Get the full pack from Noma Studio.","https://nomastudio.gumroad.com/l/cute-kids-coloring-pages-line-art-ai-pack?utm_source=pinterest&utm_medium=social&utm_campaign=cute-kids-coloring-pages-line-art-ai-pack&utm_content=pin01","2026-05-28T14:10:00","printable resources, digital download, printable design, Etsy seller resources, creative printables, cute kids, coloring pages, line art, Noma Studio"
"Cute Kids Coloring Pages and Line Art Printable Resources","https://raw.githubusercontent.com/noma-studio/noma-studio/main/pinterest-assets/uploaded/cute-kids-coloring-pages-line-art-ai-pack/20-treehouse-adventure-scene.jpg","Printable Resources","","Find ready-to-use printable resources for cute kids coloring pages and line art, made for planners, kids activities, stickers, wall art, Etsy listings, and creative downloads. Get the full pack from Noma Studio.","https://nomastudio.gumroad.com/l/cute-kids-coloring-pages-line-art-ai-pack?utm_source=pinterest&utm_medium=social&utm_campaign=cute-kids-coloring-pages-line-art-ai-pack&utm_content=pin02","2026-05-28T14:30:00","printable resources, digital download, printable design, Etsy seller resources, creative printables, cute kids, coloring pages, line art, Noma Studio"
"Cute Kids Coloring Pages and Line Art Printable Resources","https://raw.githubusercontent.com/noma-studio/noma-studio/main/pinterest-assets/uploaded/cute-kids-coloring-pages-line-art-ai-pack/30-mixed-kids-line-art-activity-scene.jpg","Printable Resources","","Find ready-to-use printable resources for cute kids coloring pages and line art, made for planners, kids activities, stickers, wall art, Etsy listings, and creative downloads. Get the full pack from Noma Studio.","https://nomastudio.gumroad.com/l/cute-kids-coloring-pages-line-art-ai-pack?utm_source=pinterest&utm_medium=social&utm_campaign=cute-kids-coloring-pages-line-art-ai-pack&utm_content=pin03","2026-05-29T00:30:00","printable resources, digital download, printable design, Etsy seller resources, creative printables, cute kids, coloring pages, line art, Noma Studio"
"Dark Luxury Product AI Backgrounds","https://raw.githubusercontent.com/noma-studio/noma-studio/main/pinterest-assets/uploaded/dark-luxury-product-backgrounds-ai-pack/18-matte-black-layered-platform-scene.jpg","AI Backgrounds","","Explore dark luxury product AI backgrounds for social media, product mockups, websites, printable designs, and creative projects. Get the full high-resolution background pack from Noma Studio.","https://nomastudio.gumroad.com/l/dark-luxury-product-backgrounds-ai-pack?utm_source=pinterest&utm_medium=social&utm_campaign=dark-luxury-product-backgrounds-ai-pack&utm_content=pin01","2026-05-29T00:50:00","AI backgrounds, digital backgrounds, aesthetic backgrounds, commercial use backgrounds, social media backgrounds, dark luxury, product backgrounds, Noma Studio"
"Dark Luxury Product AI Backgrounds","https://raw.githubusercontent.com/noma-studio/noma-studio/main/pinterest-assets/uploaded/dark-luxury-product-backgrounds-ai-pack/25-charcoal-luxury-product-shelf-scene.jpg","AI Backgrounds","","Explore dark luxury product AI backgrounds for social media, product mockups, websites, printable designs, and creative projects. Get the full high-resolution background pack from Noma Studio.","https://nomastudio.gumroad.com/l/dark-luxury-product-backgrounds-ai-pack?utm_source=pinterest&utm_medium=social&utm_campaign=dark-luxury-product-backgrounds-ai-pack&utm_content=pin02","2026-05-29T01:10:00","AI backgrounds, digital backgrounds, aesthetic backgrounds, commercial use backgrounds, social media backgrounds, dark luxury, product backgrounds, Noma Studio"
"Dark Luxury Product AI Backgrounds","https://raw.githubusercontent.com/noma-studio/noma-studio/main/pinterest-assets/uploaded/dark-luxury-product-backgrounds-ai-pack/30-complete-dark-luxury-product-backgrounds-toolkit.jpg","AI Backgrounds","","Explore dark luxury product AI backgrounds for social media, product mockups, websites, printable designs, and creative projects. Get the full high-resolution background pack from Noma Studio.","https://nomastudio.gumroad.com/l/dark-luxury-product-backgrounds-ai-pack?utm_source=pinterest&utm_medium=social&utm_campaign=dark-luxury-product-backgrounds-ai-pack&utm_content=pin03","2026-05-29T01:30:00","AI backgrounds, digital backgrounds, aesthetic backgrounds, commercial use backgrounds, social media backgrounds, dark luxury, product backgrounds, Noma Studio"
"Dinosaur Coloring Pages for Kids Printable Resources","https://raw.githubusercontent.com/noma-studio/noma-studio/main/pinterest-assets/uploaded/dinosaur-coloring-pages-for-kids-ai-pack/13-dinosaur-birthday-cake-scene.jpg","Printable Resources","","Find ready-to-use printable resources for dinosaur coloring pages for kids, made for planners, kids activities, stickers, wall art, Etsy listings, and creative downloads. Get the full pack from Noma Studio.","https://nomastudio.gumroad.com/l/dinosaur-coloring-pages-for-kids-ai-pack?utm_source=pinterest&utm_medium=social&utm_campaign=dinosaur-coloring-pages-for-kids-ai-pack&utm_content=pin01","2026-05-29T01:50:00","printable resources, digital download, printable design, Etsy seller resources, creative printables, dinosaur coloring, pages kids, Noma Studio"
"Dinosaur Coloring Pages for Kids Printable Resources","https://raw.githubusercontent.com/noma-studio/noma-studio/main/pinterest-assets/uploaded/dinosaur-coloring-pages-for-kids-ai-pack/18-dino-picnic-scene.jpg","Printable Resources","","Find ready-to-use printable resources for dinosaur coloring pages for kids, made for planners, kids activities, stickers, wall art, Etsy listings, and creative downloads. Get the full pack from Noma Studio.","https://nomastudio.gumroad.com/l/dinosaur-coloring-pages-for-kids-ai-pack?utm_source=pinterest&utm_medium=social&utm_campaign=dinosaur-coloring-pages-for-kids-ai-pack&utm_content=pin02","2026-05-29T02:10:00","printable resources, digital download, printable design, Etsy seller resources, creative printables, dinosaur coloring, pages kids, Noma Studio"
"Dinosaur Coloring Pages for Kids Printable Resources","https://raw.githubusercontent.com/noma-studio/noma-studio/main/pinterest-assets/uploaded/dinosaur-coloring-pages-for-kids-ai-pack/28-dino-train-ride-scene.jpg","Printable Resources","","Find ready-to-use printable resources for dinosaur coloring pages for kids, made for planners, kids activities, stickers, wall art, Etsy listings, and creative downloads. Get the full pack from Noma Studio.","https://nomastudio.gumroad.com/l/dinosaur-coloring-pages-for-kids-ai-pack?utm_source=pinterest&utm_medium=social&utm_campaign=dinosaur-coloring-pages-for-kids-ai-pack&utm_content=pin03","2026-05-29T02:30:00","printable resources, digital download, printable design, Etsy seller resources, creative printables, dinosaur coloring, pages kids, Noma Studio"
"Etsy Seller Packaging Mockups AI Stock Photos","https://raw.githubusercontent.com/noma-studio/noma-studio/main/pinterest-assets/uploaded/etsy-seller-packaging-mockups-ai-pack/04-small-business-packing-desk-scene.jpg","AI Stock Photos","","Discover high-quality AI stock photos for etsy seller packaging mockups, perfect for Pinterest content, social posts, blogs, shops, mood boards, and digital product visuals. Download the full commercial-use image pack from Noma Studio.","https://nomastudio.gumroad.com/l/etsy-seller-packaging-mockups-ai-pack?utm_source=pinterest&utm_medium=social&utm_campaign=etsy-seller-packaging-mockups-ai-pack&utm_content=pin01","2026-05-29T12:30:00","AI stock photos, stock photo pack, commercial use images, aesthetic photos, social media content, etsy seller, packaging mockups, Noma Studio"
"Etsy Seller Packaging Mockups AI Stock Photos","https://raw.githubusercontent.com/noma-studio/noma-studio/main/pinterest-assets/uploaded/etsy-seller-packaging-mockups-ai-pack/09-premium-gift-wrapping-mockup-scene.jpg","AI Stock Photos","","Discover high-quality AI stock photos for etsy seller packaging mockups, perfect for Pinterest content, social posts, blogs, shops, mood boards, and digital product visuals. Download the full commercial-use image pack from Noma Studio.","https://nomastudio.gumroad.com/l/etsy-seller-packaging-mockups-ai-pack?utm_source=pinterest&utm_medium=social&utm_campaign=etsy-seller-packaging-mockups-ai-pack&utm_content=pin02","2026-05-29T12:50:00","AI stock photos, stock photo pack, commercial use images, aesthetic photos, social media content, etsy seller, packaging mockups, Noma Studio"
"Etsy Seller Packaging Mockups AI Stock Photos","https://raw.githubusercontent.com/noma-studio/noma-studio/main/pinterest-assets/uploaded/etsy-seller-packaging-mockups-ai-pack/30-complete-etsy-packaging-mockup-toolkit-scene.jpg","AI Stock Photos","","Discover high-quality AI stock photos for etsy seller packaging mockups, perfect for Pinterest content, social posts, blogs, shops, mood boards, and digital product visuals. Download the full commercial-use image pack from Noma Studio.","https://nomastudio.gumroad.com/l/etsy-seller-packaging-mockups-ai-pack?utm_source=pinterest&utm_medium=social&utm_campaign=etsy-seller-packaging-mockups-ai-pack&utm_content=pin03","2026-05-29T13:10:00","AI stock photos, stock photo pack, commercial use images, aesthetic photos, social media content, etsy seller, packaging mockups, Noma Studio"
"Fantasy Landscape with Copy Space AI Backgrounds","https://raw.githubusercontent.com/noma-studio/noma-studio/main/pinterest-assets/uploaded/fantasy-landscape-backgrounds-with-copy-space-ai-pack/07-secret-garden-gate-fantasy-background.jpg","AI Backgrounds","","Explore fantasy landscape with copy space AI backgrounds for social media, product mockups, websites, printable designs, and creative projects. Get the full high-resolution background pack from Noma Studio.","https://nomastudio.gumroad.com/l/fantasy-landscape-backgrounds-with-copy-space-ai-pack?utm_source=pinterest&utm_medium=social&utm_campaign=fantasy-landscape-backgrounds-with-copy-space-ai-pack&utm_content=pin01","2026-05-29T13:30:00","AI backgrounds, digital backgrounds, aesthetic backgrounds, commercial use backgrounds, social media backgrounds, fantasy landscape, backgrounds copy, space, Noma Studio"
"Fantasy Landscape with Copy Space AI Backgrounds","https://raw.githubusercontent.com/noma-studio/noma-studio/main/pinterest-assets/uploaded/fantasy-landscape-backgrounds-with-copy-space-ai-pack/28-soft-fantasy-autumn-forest-background.jpg","AI Backgrounds","","Explore fantasy landscape with copy space AI backgrounds for social media, product mockups, websites, printable designs, and creative projects. Get the full high-resolution background pack from Noma Studio.","https://nomastudio.gumroad.com/l/fantasy-landscape-backgrounds-with-copy-space-ai-pack?utm_source=pinterest&utm_medium=social&utm_campaign=fantasy-landscape-backgrounds-with-copy-space-ai-pack&utm_content=pin02","2026-05-29T13:50:00","AI backgrounds, digital backgrounds, aesthetic backgrounds, commercial use backgrounds, social media backgrounds, fantasy landscape, backgrounds copy, space, Noma Studio"
"Fantasy Landscape with Copy Space AI Backgrounds","https://raw.githubusercontent.com/noma-studio/noma-studio/main/pinterest-assets/uploaded/fantasy-landscape-backgrounds-with-copy-space-ai-pack/30-complete-fantasy-landscape-backgrounds-toolkit-scene.jpg","AI Backgrounds","","Explore fantasy landscape with copy space AI backgrounds for social media, product mockups, websites, printable designs, and creative projects. Get the full high-resolution background pack from Noma Studio.","https://nomastudio.gumroad.com/l/fantasy-landscape-backgrounds-with-copy-space-ai-pack?utm_source=pinterest&utm_medium=social&utm_campaign=fantasy-landscape-backgrounds-with-copy-space-ai-pack&utm_content=pin03","2026-05-29T14:10:00","AI backgrounds, digital backgrounds, aesthetic backgrounds, commercial use backgrounds, social media backgrounds, fantasy landscape, backgrounds copy, space, Noma Studio"
"Home Office Productivity AI Stock Photos","https://raw.githubusercontent.com/noma-studio/noma-studio/main/pinterest-assets/uploaded/home-office-productivity-ai-photo-pack/10-coffee-notes-tablet.jpg","AI Stock Photos","","Discover high-quality AI stock photos for home office productivity, perfect for Pinterest content, social posts, blogs, shops, mood boards, and digital product visuals. Download the full commercial-use image pack from Noma Studio.","https://nomastudio.gumroad.com/l/home-office-productivity-stock-photos?utm_source=pinterest&utm_medium=social&utm_campaign=home-office-productivity-ai-photo-pack&utm_content=pin01","2026-05-29T14:30:00","AI stock photos, stock photo pack, commercial use images, aesthetic photos, social media content, home office, productivity, Noma Studio"
"Home Office Productivity AI Stock Photos","https://raw.githubusercontent.com/noma-studio/noma-studio/main/pinterest-assets/uploaded/home-office-productivity-ai-photo-pack/18-top-down-typing-scene.jpg","AI Stock Photos","","Discover high-quality AI stock photos for home office productivity, perfect for Pinterest content, social posts, blogs, shops, mood boards, and digital product visuals. Download the full commercial-use image pack from Noma Studio.","https://nomastudio.gumroad.com/l/home-office-productivity-stock-photos?utm_source=pinterest&utm_medium=social&utm_campaign=home-office-productivity-ai-photo-pack&utm_content=pin02","2026-05-30T00:30:00","AI stock photos, stock photo pack, commercial use images, aesthetic photos, social media content, home office, productivity, Noma Studio"
"Home Office Productivity AI Stock Photos","https://raw.githubusercontent.com/noma-studio/noma-studio/main/pinterest-assets/uploaded/home-office-productivity-ai-photo-pack/26-minimal-desk-accessories-flat-lay.jpg","AI Stock Photos","","Discover high-quality AI stock photos for home office productivity, perfect for Pinterest content, social posts, blogs, shops, mood boards, and digital product visuals. Download the full commercial-use image pack from Noma Studio.","https://nomastudio.gumroad.com/l/home-office-productivity-stock-photos?utm_source=pinterest&utm_medium=social&utm_campaign=home-office-productivity-ai-photo-pack&utm_content=pin03","2026-05-30T00:50:00","AI stock photos, stock photo pack, commercial use images, aesthetic photos, social media content, home office, productivity, Noma Studio"
"Italian Pasta and Pizza Lifestyle AI Stock Photos","https://raw.githubusercontent.com/noma-studio/noma-studio/main/pinterest-assets/uploaded/italian-pasta-pizza-lifestyle-ai-photo-pack/26-italian-vegetable-pasta-casual-dining-scene.jpg","AI Stock Photos","","Discover high-quality AI stock photos for italian pasta and pizza lifestyle, perfect for Pinterest content, social posts, blogs, shops, mood boards, and digital product visuals. Download the full commercial-use image pack from Noma Studio.","https://nomastudio.gumroad.com/l/italian-pasta-pizza-lifestyle-ai-photo-pack?utm_source=pinterest&utm_medium=social&utm_campaign=italian-pasta-pizza-lifestyle-ai-photo-pack&utm_content=pin01","2026-05-30T01:10:00","AI stock photos, stock photo pack, commercial use images, aesthetic photos, social media content, italian pasta, pizza lifestyle, Noma Studio"
"Italian Pasta and Pizza Lifestyle AI Stock Photos","https://raw.githubusercontent.com/noma-studio/noma-studio/main/pinterest-assets/uploaded/italian-pasta-pizza-lifestyle-ai-photo-pack/27-italian-food-lifestyle-flat-lay-everyday.jpg","AI Stock Photos","","Discover high-quality AI stock photos for italian pasta and pizza lifestyle, perfect for Pinterest content, social posts, blogs, shops, mood boards, and digital product visuals. Download the full commercial-use image pack from Noma Studio.","https://nomastudio.gumroad.com/l/italian-pasta-pizza-lifestyle-ai-photo-pack?utm_source=pinterest&utm_medium=social&utm_campaign=italian-pasta-pizza-lifestyle-ai-photo-pack&utm_content=pin02","2026-05-30T01:30:00","AI stock photos, stock photo pack, commercial use images, aesthetic photos, social media content, italian pasta, pizza lifestyle, Noma Studio"
"Italian Pasta and Pizza Lifestyle AI Stock Photos","https://raw.githubusercontent.com/noma-studio/noma-studio/main/pinterest-assets/uploaded/italian-pasta-pizza-lifestyle-ai-photo-pack/30-complete-italian-pasta-pizza-lifestyle-toolkit.jpg","AI Stock Photos","","Discover high-quality AI stock photos for italian pasta and pizza lifestyle, perfect for Pinterest content, social posts, blogs, shops, mood boards, and digital product visuals. Download the full commercial-use image pack from Noma Studio.","https://nomastudio.gumroad.com/l/italian-pasta-pizza-lifestyle-ai-photo-pack?utm_source=pinterest&utm_medium=social&utm_campaign=italian-pasta-pizza-lifestyle-ai-photo-pack&utm_content=pin03","2026-05-30T01:50:00","AI stock photos, stock photo pack, commercial use images, aesthetic photos, social media content, italian pasta, pizza lifestyle, Noma Studio"
"Japanese Food Lifestyle AI Stock Photos","https://raw.githubusercontent.com/noma-studio/noma-studio/main/pinterest-assets/uploaded/japanese-food-lifestyle-ai-photo-pack/03-bento-box-meal-balanced-japanese-foods.jpg","AI Stock Photos","","Discover high-quality AI stock photos for japanese food lifestyle, perfect for Pinterest content, social posts, blogs, shops, mood boards, and digital product visuals. Download the full commercial-use image pack from Noma Studio.","https://nomastudio.gumroad.com/l/japanese-food-lifestyle-ai-photo-pack?utm_source=pinterest&utm_medium=social&utm_campaign=japanese-food-lifestyle-ai-photo-pack&utm_content=pin01","2026-05-30T02:10:00","AI stock photos, stock photo pack, commercial use images, aesthetic photos, social media content, japanese food, lifestyle, Noma Studio"
"Japanese Food Lifestyle AI Stock Photos","https://raw.githubusercontent.com/noma-studio/noma-studio/main/pinterest-assets/uploaded/japanese-food-lifestyle-ai-photo-pack/08-japanese-street-food-takoyaki-scene.jpg","AI Stock Photos","","Discover high-quality AI stock photos for japanese food lifestyle, perfect for Pinterest content, social posts, blogs, shops, mood boards, and digital product visuals. Download the full commercial-use image pack from Noma Studio.","https://nomastudio.gumroad.com/l/japanese-food-lifestyle-ai-photo-pack?utm_source=pinterest&utm_medium=social&utm_campaign=japanese-food-lifestyle-ai-photo-pack&utm_content=pin02","2026-05-30T02:30:00","AI stock photos, stock photo pack, commercial use images, aesthetic photos, social media content, japanese food, lifestyle, Noma Studio"
