"package_slug","jpg_file","repo_path","raw_url","local_path","bytes","sha256","source_file"
"3d-abstract-shapes-backgrounds-ai-pack","06-minimal-3d-cylinders-discs-background.jpg","pinterest-assets/uploaded/3d-abstract-shapes-backgrounds-ai-pack/06-minimal-3d-cylinders-discs-background.jpg","https://raw.githubusercontent.com/noma-studio/noma-studio/main/pinterest-assets/uploaded/3d-abstract-shapes-backgrounds-ai-pack/06-minimal-3d-cylinders-discs-background.jpg","C:\Users\김승원\Documents\New project 6\github_upload_ready_jpg\pinterest-assets\uploaded\3d-abstract-shapes-backgrounds-ai-pack\06-minimal-3d-cylinders-discs-background.jpg","74853","b2fb186f703bdf4f7ee10226809740406ed356ef594a724cd9a7566b9e4b50d4","06-minimal-3d-cylinders-discs-background.png"
"3d-abstract-shapes-backgrounds-ai-pack","24-abstract-3d-tunnel-sphere-background.jpg","pinterest-assets/uploaded/3d-abstract-shapes-backgrounds-ai-pack/24-abstract-3d-tunnel-sphere-background.jpg","https://raw.githubusercontent.com/noma-studio/noma-studio/main/pinterest-assets/uploaded/3d-abstract-shapes-backgrounds-ai-pack/24-abstract-3d-tunnel-sphere-background.jpg","C:\Users\김승원\Documents\New project 6\github_upload_ready_jpg\pinterest-assets\uploaded\3d-abstract-shapes-backgrounds-ai-pack\24-abstract-3d-tunnel-sphere-background.jpg","82614","246c40d15df1ddb4073049eac505c30ffc0a560e54d3c4fe7526145d527117b2","24-abstract-3d-tunnel-sphere-background.png"
"3d-abstract-shapes-backgrounds-ai-pack","30-complete-3d-abstract-shapes-toolkit-scene.jpg","pinterest-assets/uploaded/3d-abstract-shapes-backgrounds-ai-pack/30-complete-3d-abstract-shapes-toolkit-scene.jpg","https://raw.githubusercontent.com/noma-studio/noma-studio/main/pinterest-assets/uploaded/3d-abstract-shapes-backgrounds-ai-pack/30-complete-3d-abstract-shapes-toolkit-scene.jpg","C:\Users\김승원\Documents\New project 6\github_upload_ready_jpg\pinterest-assets\uploaded\3d-abstract-shapes-backgrounds-ai-pack\30-complete-3d-abstract-shapes-toolkit-scene.jpg","107493","3eddb58e8e34ac3ca90d2f2927d8be14ad69852420b94bd6d50655c53c9c17f6","30-complete-3d-abstract-shapes-toolkit-scene.png"
"alpine-village-travel-lifestyle-ai-photo-pack","04-bright-daytime-alpine-village-riverside-scene.jpg","pinterest-assets/uploaded/alpine-village-travel-lifestyle-ai-photo-pack/04-bright-daytime-alpine-village-riverside-scene.jpg","https://raw.githubusercontent.com/noma-studio/noma-studio/main/pinterest-assets/uploaded/alpine-village-travel-lifestyle-ai-photo-pack/04-bright-daytime-alpine-village-riverside-scene.jpg","C:\Users\김승원\Documents\New project 6\github_upload_ready_jpg\pinterest-assets\uploaded\alpine-village-travel-lifestyle-ai-photo-pack\04-bright-daytime-alpine-village-riverside-scene.jpg","441578","020711f40b322affc159644134ab0e97b3b54aab381e7fac688b14248d30b2d1","04-bright-daytime-alpine-village-riverside-scene.png"
"alpine-village-travel-lifestyle-ai-photo-pack","14-classic-european-alpine-village-canal-scene.jpg","pinterest-assets/uploaded/alpine-village-travel-lifestyle-ai-photo-pack/14-classic-european-alpine-village-canal-scene.jpg","https://raw.githubusercontent.com/noma-studio/noma-studio/main/pinterest-assets/uploaded/alpine-village-travel-lifestyle-ai-photo-pack/14-classic-european-alpine-village-canal-scene.jpg","C:\Users\김승원\Documents\New project 6\github_upload_ready_jpg\pinterest-assets\uploaded\alpine-village-travel-lifestyle-ai-photo-pack\14-classic-european-alpine-village-canal-scene.jpg","478930","0411dae86b02163dd2cf698385d26701f75f691f500205fcba7d0d9f46910101","14-classic-european-alpine-village-canal-scene.png"
"alpine-village-travel-lifestyle-ai-photo-pack","30-alpine-village-travel-toolkit-scene.jpg","pinterest-assets/uploaded/alpine-village-travel-lifestyle-ai-photo-pack/30-alpine-village-travel-toolkit-scene.jpg","https://raw.githubusercontent.com/noma-studio/noma-studio/main/pinterest-assets/uploaded/alpine-village-travel-lifestyle-ai-photo-pack/30-alpine-village-travel-toolkit-scene.jpg","C:\Users\김승원\Documents\New project 6\github_upload_ready_jpg\pinterest-assets\uploaded\alpine-village-travel-lifestyle-ai-photo-pack\30-alpine-village-travel-toolkit-scene.jpg","471940","f0631b2d6c8c52121b36c21c05e05075c4369ae90caac69df6e6cc07132a56a3","30-alpine-village-travel-toolkit-scene.png"
"bold-modern-gradient-abstract-backgrounds-ai-pack","08-liquid-chrome-gradient-background.jpg","pinterest-assets/uploaded/bold-modern-gradient-abstract-backgrounds-ai-pack/08-liquid-chrome-gradient-background.jpg","https://raw.githubusercontent.com/noma-studio/noma-studio/main/pinterest-assets/uploaded/bold-modern-gradient-abstract-backgrounds-ai-pack/08-liquid-chrome-gradient-background.jpg","C:\Users\김승원\Documents\New project 6\github_upload_ready_jpg\pinterest-assets\uploaded\bold-modern-gradient-abstract-backgrounds-ai-pack\08-liquid-chrome-gradient-background.jpg","166802","6bd862bc53e4d31c97537513188aa0e40e86e5f624a81e76a22b2cbad6e723c1","08-liquid-chrome-gradient-background.png"
"bold-modern-gradient-abstract-backgrounds-ai-pack","21-bold-red-magenta-wave-background.jpg","pinterest-assets/uploaded/bold-modern-gradient-abstract-backgrounds-ai-pack/21-bold-red-magenta-wave-background.jpg","https://raw.githubusercontent.com/noma-studio/noma-studio/main/pinterest-assets/uploaded/bold-modern-gradient-abstract-backgrounds-ai-pack/21-bold-red-magenta-wave-background.jpg","C:\Users\김승원\Documents\New project 6\github_upload_ready_jpg\pinterest-assets\uploaded\bold-modern-gradient-abstract-backgrounds-ai-pack\21-bold-red-magenta-wave-background.jpg","134979","14b313ae79726549501d890aea0c580aa8fc33f67fb73caecbe44a9c170b0933","21-bold-red-magenta-wave-background.png"
"bold-modern-gradient-abstract-backgrounds-ai-pack","30-complete-bold-abstract-backgrounds-toolkit-scene.jpg","pinterest-assets/uploaded/bold-modern-gradient-abstract-backgrounds-ai-pack/30-complete-bold-abstract-backgrounds-toolkit-scene.jpg","https://raw.githubusercontent.com/noma-studio/noma-studio/main/pinterest-assets/uploaded/bold-modern-gradient-abstract-backgrounds-ai-pack/30-complete-bold-abstract-backgrounds-toolkit-scene.jpg","C:\Users\김승원\Documents\New project 6\github_upload_ready_jpg\pinterest-assets\uploaded\bold-modern-gradient-abstract-backgrounds-ai-pack\30-complete-bold-abstract-backgrounds-toolkit-scene.jpg","97582","b3ae030719bd5925dbfa4645abd599fe5ccff5d54d830337cf64ede7a2dc188a","30-complete-bold-abstract-backgrounds-toolkit-scene.png"
"bookish-lifestyle-reading-aesthetic-ai-photo-pack","24-cozy-home-reading-scene-multiple-books.jpg","pinterest-assets/uploaded/bookish-lifestyle-reading-aesthetic-ai-photo-pack/24-cozy-home-reading-scene-multiple-books.jpg","https://raw.githubusercontent.com/noma-studio/noma-studio/main/pinterest-assets/uploaded/bookish-lifestyle-reading-aesthetic-ai-photo-pack/24-cozy-home-reading-scene-multiple-books.jpg","C:\Users\김승원\Documents\New project 6\github_upload_ready_jpg\pinterest-assets\uploaded\bookish-lifestyle-reading-aesthetic-ai-photo-pack\24-cozy-home-reading-scene-multiple-books.jpg","206782","c1c7bd54505af8aa3ab4825d16adb0c3d8c0e1e2052b98d7bf7b16426d34d983","24-cozy-home-reading-scene-multiple-books.png"
"bookish-lifestyle-reading-aesthetic-ai-photo-pack","27-bookish-lifestyle-flat-lay-everyday-essentials.jpg","pinterest-assets/uploaded/bookish-lifestyle-reading-aesthetic-ai-photo-pack/27-bookish-lifestyle-flat-lay-everyday-essentials.jpg","https://raw.githubusercontent.com/noma-studio/noma-studio/main/pinterest-assets/uploaded/bookish-lifestyle-reading-aesthetic-ai-photo-pack/27-bookish-lifestyle-flat-lay-everyday-essentials.jpg","C:\Users\김승원\Documents\New project 6\github_upload_ready_jpg\pinterest-assets\uploaded\bookish-lifestyle-reading-aesthetic-ai-photo-pack\27-bookish-lifestyle-flat-lay-everyday-essentials.jpg","293370","d24a2732d9c32146281783ce4ba73ad706b16474816eac7d50f9bdbe3e6f57c2","27-bookish-lifestyle-flat-lay-everyday-essentials.png"
"bookish-lifestyle-reading-aesthetic-ai-photo-pack","30-complete-bookish-lifestyle-toolkit-scene.jpg","pinterest-assets/uploaded/bookish-lifestyle-reading-aesthetic-ai-photo-pack/30-complete-bookish-lifestyle-toolkit-scene.jpg","https://raw.githubusercontent.com/noma-studio/noma-studio/main/pinterest-assets/uploaded/bookish-lifestyle-reading-aesthetic-ai-photo-pack/30-complete-bookish-lifestyle-toolkit-scene.jpg","C:\Users\김승원\Documents\New project 6\github_upload_ready_jpg\pinterest-assets\uploaded\bookish-lifestyle-reading-aesthetic-ai-photo-pack\30-complete-bookish-lifestyle-toolkit-scene.jpg","230732","21d757f216b46e3a81c7adbc2e3dab90aa8fd53a888c4d61e9283af6729f422e","30-complete-bookish-lifestyle-toolkit-scene.png"
"breakfast-brunch-lifestyle-ai-photo-pack","20-brunch-bakery-table-croissants-coffee.jpg","pinterest-assets/uploaded/breakfast-brunch-lifestyle-ai-photo-pack/20-brunch-bakery-table-croissants-coffee.jpg","https://raw.githubusercontent.com/noma-studio/noma-studio/main/pinterest-assets/uploaded/breakfast-brunch-lifestyle-ai-photo-pack/20-brunch-bakery-table-croissants-coffee.jpg","C:\Users\김승원\Documents\New project 6\github_upload_ready_jpg\pinterest-assets\uploaded\breakfast-brunch-lifestyle-ai-photo-pack\20-brunch-bakery-table-croissants-coffee.jpg","213375","1a619d05fe9e72d5852561ede49b3109a8d5d3c2397006f8b35b56e8960e881c","20-brunch-bakery-table-croissants-coffee.png"
"breakfast-brunch-lifestyle-ai-photo-pack","27-brunch-lifestyle-flat-lay-everyday-essentials.jpg","pinterest-assets/uploaded/breakfast-brunch-lifestyle-ai-photo-pack/27-brunch-lifestyle-flat-lay-everyday-essentials.jpg","https://raw.githubusercontent.com/noma-studio/noma-studio/main/pinterest-assets/uploaded/breakfast-brunch-lifestyle-ai-photo-pack/27-brunch-lifestyle-flat-lay-everyday-essentials.jpg","C:\Users\김승원\Documents\New project 6\github_upload_ready_jpg\pinterest-assets\uploaded\breakfast-brunch-lifestyle-ai-photo-pack\27-brunch-lifestyle-flat-lay-everyday-essentials.jpg","325213","30c77e382043937ea07b097f33a150c5149cdc08c22775c707933d4b28d4c65f","27-brunch-lifestyle-flat-lay-everyday-essentials.png"
"breakfast-brunch-lifestyle-ai-photo-pack","30-complete-breakfast-brunch-lifestyle-toolkit-scene.jpg","pinterest-assets/uploaded/breakfast-brunch-lifestyle-ai-photo-pack/30-complete-breakfast-brunch-lifestyle-toolkit-scene.jpg","https://raw.githubusercontent.com/noma-studio/noma-studio/main/pinterest-assets/uploaded/breakfast-brunch-lifestyle-ai-photo-pack/30-complete-breakfast-brunch-lifestyle-toolkit-scene.jpg","C:\Users\김승원\Documents\New project 6\github_upload_ready_jpg\pinterest-assets\uploaded\breakfast-brunch-lifestyle-ai-photo-pack\30-complete-breakfast-brunch-lifestyle-toolkit-scene.jpg","242220","fdfaa03debb7b6b35c849b494ecaebb0e3b4af924664a266f01e1b11e2ed1e4e","30-complete-breakfast-brunch-lifestyle-toolkit-scene.png"
"calm-nature-landscape-backgrounds-ai-pack","26-calm-river-path-nature-scene.jpg","pinterest-assets/uploaded/calm-nature-landscape-backgrounds-ai-pack/26-calm-river-path-nature-scene.jpg","https://raw.githubusercontent.com/noma-studio/noma-studio/main/pinterest-assets/uploaded/calm-nature-landscape-backgrounds-ai-pack/26-calm-river-path-nature-scene.jpg","C:\Users\김승원\Documents\New project 6\github_upload_ready_jpg\pinterest-assets\uploaded\calm-nature-landscape-backgrounds-ai-pack\26-calm-river-path-nature-scene.jpg","493914","ceaaba7505a21e4bb42d57aa495fe78f3abdf9e1fb9ee5ddd73bbaff9f29a4e9","26-calm-river-path-nature-scene.png"
"calm-nature-landscape-backgrounds-ai-pack","28-outdoor-mindfulness-background-scene.jpg","pinterest-assets/uploaded/calm-nature-landscape-backgrounds-ai-pack/28-outdoor-mindfulness-background-scene.jpg","https://raw.githubusercontent.com/noma-studio/noma-studio/main/pinterest-assets/uploaded/calm-nature-landscape-backgrounds-ai-pack/28-outdoor-mindfulness-background-scene.jpg","C:\Users\김승원\Documents\New project 6\github_upload_ready_jpg\pinterest-assets\uploaded\calm-nature-landscape-backgrounds-ai-pack\28-outdoor-mindfulness-background-scene.jpg","350961","6a62e1b8eae6f008d0d707094a8d01d7d599129c86a229687bb73c9f9886573c","28-outdoor-mindfulness-background-scene.png"
"calm-nature-landscape-backgrounds-ai-pack","30-calm-nature-landscape-toolkit-scene.jpg","pinterest-assets/uploaded/calm-nature-landscape-backgrounds-ai-pack/30-calm-nature-landscape-toolkit-scene.jpg","https://raw.githubusercontent.com/noma-studio/noma-studio/main/pinterest-assets/uploaded/calm-nature-landscape-backgrounds-ai-pack/30-calm-nature-landscape-toolkit-scene.jpg","C:\Users\김승원\Documents\New project 6\github_upload_ready_jpg\pinterest-assets\uploaded\calm-nature-landscape-backgrounds-ai-pack\30-calm-nature-landscape-toolkit-scene.jpg","373613","9ed6b46860efc17bb4bd28bf5e68dd907efdb56aaaffee6b6224f0a345d05459","30-calm-nature-landscape-toolkit-scene.png"
"canva-social-media-template-backgrounds-ai-pack","03-light-cream-desk-inspired-flat-background.jpg","pinterest-assets/uploaded/canva-social-media-template-backgrounds-ai-pack/03-light-cream-desk-inspired-flat-background.jpg","https://raw.githubusercontent.com/noma-studio/noma-studio/main/pinterest-assets/uploaded/canva-social-media-template-backgrounds-ai-pack/03-light-cream-desk-inspired-flat-background.jpg","C:\Users\김승원\Documents\New project 6\github_upload_ready_jpg\pinterest-assets\uploaded\canva-social-media-template-backgrounds-ai-pack\03-light-cream-desk-inspired-flat-background.jpg","94780","ab1167f242e8c8f17b3b6117c3b74b97b7775b220ef974242112c4c0cfcd1bb9","03-light-cream-desk-inspired-flat-background.png"
"canva-social-media-template-backgrounds-ai-pack","16-minimal-black-beige-promo-background.jpg","pinterest-assets/uploaded/canva-social-media-template-backgrounds-ai-pack/16-minimal-black-beige-promo-background.jpg","https://raw.githubusercontent.com/noma-studio/noma-studio/main/pinterest-assets/uploaded/canva-social-media-template-backgrounds-ai-pack/16-minimal-black-beige-promo-background.jpg","C:\Users\김승원\Documents\New project 6\github_upload_ready_jpg\pinterest-assets\uploaded\canva-social-media-template-backgrounds-ai-pack\16-minimal-black-beige-promo-background.jpg","123845","271ac30070deac17fdec91565e5c9928afc6ff5f7d174f24a321522913419978","16-minimal-black-beige-promo-background.png"
"canva-social-media-template-backgrounds-ai-pack","30-complete-canva-background-toolkit-scene.jpg","pinterest-assets/uploaded/canva-social-media-template-backgrounds-ai-pack/30-complete-canva-background-toolkit-scene.jpg","https://raw.githubusercontent.com/noma-studio/noma-studio/main/pinterest-assets/uploaded/canva-social-media-template-backgrounds-ai-pack/30-complete-canva-background-toolkit-scene.jpg","C:\Users\김승원\Documents\New project 6\github_upload_ready_jpg\pinterest-assets\uploaded\canva-social-media-template-backgrounds-ai-pack\30-complete-canva-background-toolkit-scene.jpg","109530","2700c10e5c66a1613158ece4b2e9e58bd5af45d1fbef5b8685378367d4e409d4","30-complete-canva-background-toolkit-scene.png"
"city-walk-urban-lifestyle-ai-photo-pack","09-09.jpg","pinterest-assets/uploaded/city-walk-urban-lifestyle-ai-photo-pack/09-09.jpg","https://raw.githubusercontent.com/noma-studio/noma-studio/main/pinterest-assets/uploaded/city-walk-urban-lifestyle-ai-photo-pack/09-09.jpg","C:\Users\김승원\Documents\New project 6\github_upload_ready_jpg\pinterest-assets\uploaded\city-walk-urban-lifestyle-ai-photo-pack\09-09.jpg","231301","d17328546eddcf3f01aa73f9102051c39e44c584db81106e744ba3fd271df0b1","09-09.png"
"city-walk-urban-lifestyle-ai-photo-pack","14-14.jpg","pinterest-assets/uploaded/city-walk-urban-lifestyle-ai-photo-pack/14-14.jpg","https://raw.githubusercontent.com/noma-studio/noma-studio/main/pinterest-assets/uploaded/city-walk-urban-lifestyle-ai-photo-pack/14-14.jpg","C:\Users\김승원\Documents\New project 6\github_upload_ready_jpg\pinterest-assets\uploaded\city-walk-urban-lifestyle-ai-photo-pack\14-14.jpg","243624","521ccdb60ff18f038f64b0d23e0138bc9699f29e533ecae011427d42194b213a","14-14.png"
"city-walk-urban-lifestyle-ai-photo-pack","29-29.jpg","pinterest-assets/uploaded/city-walk-urban-lifestyle-ai-photo-pack/29-29.jpg","https://raw.githubusercontent.com/noma-studio/noma-studio/main/pinterest-assets/uploaded/city-walk-urban-lifestyle-ai-photo-pack/29-29.jpg","C:\Users\김승원\Documents\New project 6\github_upload_ready_jpg\pinterest-assets\uploaded\city-walk-urban-lifestyle-ai-photo-pack\29-29.jpg","218135","fe552d332fc233a49af9c77245b80ab4b5c953dfe4c6ef4c4ae358dcff98a813","29-29.png"
"coffee-bakery-lifestyle-ai-photo-pack","21-coffee-muffin-cozy-cafe-table.jpg","pinterest-assets/uploaded/coffee-bakery-lifestyle-ai-photo-pack/21-coffee-muffin-cozy-cafe-table.jpg","https://raw.githubusercontent.com/noma-studio/noma-studio/main/pinterest-assets/uploaded/coffee-bakery-lifestyle-ai-photo-pack/21-coffee-muffin-cozy-cafe-table.jpg","C:\Users\김승원\Documents\New project 6\github_upload_ready_jpg\pinterest-assets\uploaded\coffee-bakery-lifestyle-ai-photo-pack\21-coffee-muffin-cozy-cafe-table.jpg","189570","270a0a79d92eac38c14b1924b316a33c25fb3f0c48de6329da183cd7bb120204","21-coffee-muffin-cozy-cafe-table.png"
"coffee-bakery-lifestyle-ai-photo-pack","26-bakery-brunch-table-coffee-pastries.jpg","pinterest-assets/uploaded/coffee-bakery-lifestyle-ai-photo-pack/26-bakery-brunch-table-coffee-pastries.jpg","https://raw.githubusercontent.com/noma-studio/noma-studio/main/pinterest-assets/uploaded/coffee-bakery-lifestyle-ai-photo-pack/26-bakery-brunch-table-coffee-pastries.jpg","C:\Users\김승원\Documents\New project 6\github_upload_ready_jpg\pinterest-assets\uploaded\coffee-bakery-lifestyle-ai-photo-pack\26-bakery-brunch-table-coffee-pastries.jpg","237044","b1c46066994a495ef216b91c4ba463176ad30cf980db3e052ab1eac90be9fba5","26-bakery-brunch-table-coffee-pastries.png"
"coffee-bakery-lifestyle-ai-photo-pack","30-complete-coffee-bakery-lifestyle-toolkit-scene.jpg","pinterest-assets/uploaded/coffee-bakery-lifestyle-ai-photo-pack/30-complete-coffee-bakery-lifestyle-toolkit-scene.jpg","https://raw.githubusercontent.com/noma-studio/noma-studio/main/pinterest-assets/uploaded/coffee-bakery-lifestyle-ai-photo-pack/30-complete-coffee-bakery-lifestyle-toolkit-scene.jpg","C:\Users\김승원\Documents\New project 6\github_upload_ready_jpg\pinterest-assets\uploaded\coffee-bakery-lifestyle-ai-photo-pack\30-complete-coffee-bakery-lifestyle-toolkit-scene.jpg","282993","3c7f4e357964a9f55b61b74e130defee92a57d7b8542b37aa6467b51c339642e","30-complete-coffee-bakery-lifestyle-toolkit-scene.png"
"cozy-home-decor-interior-lifestyle-ai-photo-pack","19-cozy-breakfast-nook-interior-scene.jpg","pinterest-assets/uploaded/cozy-home-decor-interior-lifestyle-ai-photo-pack/19-cozy-breakfast-nook-interior-scene.jpg","https://raw.githubusercontent.com/noma-studio/noma-studio/main/pinterest-assets/uploaded/cozy-home-decor-interior-lifestyle-ai-photo-pack/19-cozy-breakfast-nook-interior-scene.jpg","C:\Users\김승원\Documents\New project 6\github_upload_ready_jpg\pinterest-assets\uploaded\cozy-home-decor-interior-lifestyle-ai-photo-pack\19-cozy-breakfast-nook-interior-scene.jpg","268437","ef1d975737479aeeb666ea28fe9e123f250c170b73dc86d7e578cb4c0b9ad4fb","19-cozy-breakfast-nook-interior-scene.png"
"cozy-home-decor-interior-lifestyle-ai-photo-pack","27-cozy-home-decor-lifestyle-flat-lay.jpg","pinterest-assets/uploaded/cozy-home-decor-interior-lifestyle-ai-photo-pack/27-cozy-home-decor-lifestyle-flat-lay.jpg","https://raw.githubusercontent.com/noma-studio/noma-studio/main/pinterest-assets/uploaded/cozy-home-decor-interior-lifestyle-ai-photo-pack/27-cozy-home-decor-lifestyle-flat-lay.jpg","C:\Users\김승원\Documents\New project 6\github_upload_ready_jpg\pinterest-assets\uploaded\cozy-home-decor-interior-lifestyle-ai-photo-pack\27-cozy-home-decor-lifestyle-flat-lay.jpg","428835","081d64314b280235a584ecf2225b0d65464823b144abc8177432d027c1c74bdc","27-cozy-home-decor-lifestyle-flat-lay.png"
"cozy-home-decor-interior-lifestyle-ai-photo-pack","30-complete-cozy-home-decor-toolkit-scene.jpg","pinterest-assets/uploaded/cozy-home-decor-interior-lifestyle-ai-photo-pack/30-complete-cozy-home-decor-toolkit-scene.jpg","https://raw.githubusercontent.com/noma-studio/noma-studio/main/pinterest-assets/uploaded/cozy-home-decor-interior-lifestyle-ai-photo-pack/30-complete-cozy-home-decor-toolkit-scene.jpg","C:\Users\김승원\Documents\New project 6\github_upload_ready_jpg\pinterest-assets\uploaded\cozy-home-decor-interior-lifestyle-ai-photo-pack\30-complete-cozy-home-decor-toolkit-scene.jpg","275930","d368248f45beae428f8d58294e7ae6e1460e017f92afb3ebec1243e4d031dc3d","30-complete-cozy-home-decor-toolkit-scene.png"
"cute-kawaii-pattern-backgrounds-ai-pack","18-cute-breakfast-icon-pattern.jpg","pinterest-assets/uploaded/cute-kawaii-pattern-backgrounds-ai-pack/18-cute-breakfast-icon-pattern.jpg","https://raw.githubusercontent.com/noma-studio/noma-studio/main/pinterest-assets/uploaded/cute-kawaii-pattern-backgrounds-ai-pack/18-cute-breakfast-icon-pattern.jpg","C:\Users\김승원\Documents\New project 6\github_upload_ready_jpg\pinterest-assets\uploaded\cute-kawaii-pattern-backgrounds-ai-pack\18-cute-breakfast-icon-pattern.jpg","212531","3d80367885b2fed65051693e8b822989024945c5cae0076fdfcc9c0b6f5b891f","18-cute-breakfast-icon-pattern.png"
"cute-kawaii-pattern-backgrounds-ai-pack","28-cute-garden-vegetable-pattern.jpg","pinterest-assets/uploaded/cute-kawaii-pattern-backgrounds-ai-pack/28-cute-garden-vegetable-pattern.jpg","https://raw.githubusercontent.com/noma-studio/noma-studio/main/pinterest-assets/uploaded/cute-kawaii-pattern-backgrounds-ai-pack/28-cute-garden-vegetable-pattern.jpg","C:\Users\김승원\Documents\New project 6\github_upload_ready_jpg\pinterest-assets\uploaded\cute-kawaii-pattern-backgrounds-ai-pack\28-cute-garden-vegetable-pattern.jpg","254554","eea0351357e7bc8db2728c0dec607f690cc3eafc0964bbe20353bd0bc944da40","28-cute-garden-vegetable-pattern.png"
"cute-kawaii-pattern-backgrounds-ai-pack","30-complete-kawaii-pattern-backgrounds-toolkit-scene.jpg","pinterest-assets/uploaded/cute-kawaii-pattern-backgrounds-ai-pack/30-complete-kawaii-pattern-backgrounds-toolkit-scene.jpg","https://raw.githubusercontent.com/noma-studio/noma-studio/main/pinterest-assets/uploaded/cute-kawaii-pattern-backgrounds-ai-pack/30-complete-kawaii-pattern-backgrounds-toolkit-scene.jpg","C:\Users\김승원\Documents\New project 6\github_upload_ready_jpg\pinterest-assets\uploaded\cute-kawaii-pattern-backgrounds-ai-pack\30-complete-kawaii-pattern-backgrounds-toolkit-scene.jpg","172605","0d3f9325f9808fcddd9da311411d49e0f805040adb90070f66f227ef1ace03c3","30-complete-kawaii-pattern-backgrounds-toolkit-scene.png"
"cute-kids-coloring-pages-line-art-ai-pack","02-bunny-flower-garden.jpg","pinterest-assets/uploaded/cute-kids-coloring-pages-line-art-ai-pack/02-bunny-flower-garden.jpg","https://raw.githubusercontent.com/noma-studio/noma-studio/main/pinterest-assets/uploaded/cute-kids-coloring-pages-line-art-ai-pack/02-bunny-flower-garden.jpg","C:\Users\김승원\Documents\New project 6\github_upload_ready_jpg\pinterest-assets\uploaded\cute-kids-coloring-pages-line-art-ai-pack\02-bunny-flower-garden.jpg","203907","2bfd15c0ce36d3285fdf02842741d8b702e2ce6c4fce640fc1c79ee294acba4d","02-bunny-flower-garden.png"
"cute-kids-coloring-pages-line-art-ai-pack","20-treehouse-adventure-scene.jpg","pinterest-assets/uploaded/cute-kids-coloring-pages-line-art-ai-pack/20-treehouse-adventure-scene.jpg","https://raw.githubusercontent.com/noma-studio/noma-studio/main/pinterest-assets/uploaded/cute-kids-coloring-pages-line-art-ai-pack/20-treehouse-adventure-scene.jpg","C:\Users\김승원\Documents\New project 6\github_upload_ready_jpg\pinterest-assets\uploaded\cute-kids-coloring-pages-line-art-ai-pack\20-treehouse-adventure-scene.jpg","230736","fb85f049c7e6fa343500860a1f2de7240efd6ed3e379336d13f142b4e71b18d4","20-treehouse-adventure-scene.png"
"cute-kids-coloring-pages-line-art-ai-pack","30-mixed-kids-line-art-activity-scene.jpg","pinterest-assets/uploaded/cute-kids-coloring-pages-line-art-ai-pack/30-mixed-kids-line-art-activity-scene.jpg","https://raw.githubusercontent.com/noma-studio/noma-studio/main/pinterest-assets/uploaded/cute-kids-coloring-pages-line-art-ai-pack/30-mixed-kids-line-art-activity-scene.jpg","C:\Users\김승원\Documents\New project 6\github_upload_ready_jpg\pinterest-assets\uploaded\cute-kids-coloring-pages-line-art-ai-pack\30-mixed-kids-line-art-activity-scene.jpg","234232","5e4627327e8b3d84b5cbf11f159dd3ea1994de597cd20e54bacc89827e251a9f","30-mixed-kids-line-art-activity-scene.png"
"dark-luxury-product-backgrounds-ai-pack","18-matte-black-layered-platform-scene.jpg","pinterest-assets/uploaded/dark-luxury-product-backgrounds-ai-pack/18-matte-black-layered-platform-scene.jpg","https://raw.githubusercontent.com/noma-studio/noma-studio/main/pinterest-assets/uploaded/dark-luxury-product-backgrounds-ai-pack/18-matte-black-layered-platform-scene.jpg","C:\Users\김승원\Documents\New project 6\github_upload_ready_jpg\pinterest-assets\uploaded\dark-luxury-product-backgrounds-ai-pack\18-matte-black-layered-platform-scene.jpg","70021","cd616ddc40d4493c8ff4b0cedfb21005678e12608168a11745f419ae85c70554","18-matte-black-layered-platform-scene.png"
"dark-luxury-product-backgrounds-ai-pack","25-charcoal-luxury-product-shelf-scene.jpg","pinterest-assets/uploaded/dark-luxury-product-backgrounds-ai-pack/25-charcoal-luxury-product-shelf-scene.jpg","https://raw.githubusercontent.com/noma-studio/noma-studio/main/pinterest-assets/uploaded/dark-luxury-product-backgrounds-ai-pack/25-charcoal-luxury-product-shelf-scene.jpg","C:\Users\김승원\Documents\New project 6\github_upload_ready_jpg\pinterest-assets\uploaded\dark-luxury-product-backgrounds-ai-pack\25-charcoal-luxury-product-shelf-scene.jpg","130699","d3a6d92fc7ad9784c2a7a020b2a8d47e1bf804aab0ffb1c05e15c33a9254e996","25-charcoal-luxury-product-shelf-scene.png"
"dark-luxury-product-backgrounds-ai-pack","30-complete-dark-luxury-product-backgrounds-toolkit.jpg","pinterest-assets/uploaded/dark-luxury-product-backgrounds-ai-pack/30-complete-dark-luxury-product-backgrounds-toolkit.jpg","https://raw.githubusercontent.com/noma-studio/noma-studio/main/pinterest-assets/uploaded/dark-luxury-product-backgrounds-ai-pack/30-complete-dark-luxury-product-backgrounds-toolkit.jpg","C:\Users\김승원\Documents\New project 6\github_upload_ready_jpg\pinterest-assets\uploaded\dark-luxury-product-backgrounds-ai-pack\30-complete-dark-luxury-product-backgrounds-toolkit.jpg","150971","1c693b23c638837aef6a9220da9f604c6a49dbe5ed089e5f6869af24a004313b","30-complete-dark-luxury-product-backgrounds-toolkit.png"
"dinosaur-coloring-pages-for-kids-ai-pack","13-dinosaur-birthday-cake-scene.jpg","pinterest-assets/uploaded/dinosaur-coloring-pages-for-kids-ai-pack/13-dinosaur-birthday-cake-scene.jpg","https://raw.githubusercontent.com/noma-studio/noma-studio/main/pinterest-assets/uploaded/dinosaur-coloring-pages-for-kids-ai-pack/13-dinosaur-birthday-cake-scene.jpg","C:\Users\김승원\Documents\New project 6\github_upload_ready_jpg\pinterest-assets\uploaded\dinosaur-coloring-pages-for-kids-ai-pack\13-dinosaur-birthday-cake-scene.jpg","207186","4182e9260bd458688438415cc5e0226c081f82bdb2dfa56d9c0d85c6bf531005","13-dinosaur-birthday-cake-scene.png"
"dinosaur-coloring-pages-for-kids-ai-pack","18-dino-picnic-scene.jpg","pinterest-assets/uploaded/dinosaur-coloring-pages-for-kids-ai-pack/18-dino-picnic-scene.jpg","https://raw.githubusercontent.com/noma-studio/noma-studio/main/pinterest-assets/uploaded/dinosaur-coloring-pages-for-kids-ai-pack/18-dino-picnic-scene.jpg","C:\Users\김승원\Documents\New project 6\github_upload_ready_jpg\pinterest-assets\uploaded\dinosaur-coloring-pages-for-kids-ai-pack\18-dino-picnic-scene.jpg","251950","3dedf9cfb0790534a38b8f8339157ddbee1f7b633bbf35e84c0769b88f9adfea","18-dino-picnic-scene.png"
"dinosaur-coloring-pages-for-kids-ai-pack","28-dino-train-ride-scene.jpg","pinterest-assets/uploaded/dinosaur-coloring-pages-for-kids-ai-pack/28-dino-train-ride-scene.jpg","https://raw.githubusercontent.com/noma-studio/noma-studio/main/pinterest-assets/uploaded/dinosaur-coloring-pages-for-kids-ai-pack/28-dino-train-ride-scene.jpg","C:\Users\김승원\Documents\New project 6\github_upload_ready_jpg\pinterest-assets\uploaded\dinosaur-coloring-pages-for-kids-ai-pack\28-dino-train-ride-scene.jpg","217947","5d825f98c0e24616396ed97329723e5600860e47bd834eaa33df0d4eb90d37ca","28-dino-train-ride-scene.png"
"etsy-seller-packaging-mockups-ai-pack","04-small-business-packing-desk-scene.jpg","pinterest-assets/uploaded/etsy-seller-packaging-mockups-ai-pack/04-small-business-packing-desk-scene.jpg","https://raw.githubusercontent.com/noma-studio/noma-studio/main/pinterest-assets/uploaded/etsy-seller-packaging-mockups-ai-pack/04-small-business-packing-desk-scene.jpg","C:\Users\김승원\Documents\New project 6\github_upload_ready_jpg\pinterest-assets\uploaded\etsy-seller-packaging-mockups-ai-pack\04-small-business-packing-desk-scene.jpg","182490","126adf7c20ec0da57b73a98a94c1753fa6bf11aa56079d1a776de6b000861b6b","04-small-business-packing-desk-scene.png"
"etsy-seller-packaging-mockups-ai-pack","09-premium-gift-wrapping-mockup-scene.jpg","pinterest-assets/uploaded/etsy-seller-packaging-mockups-ai-pack/09-premium-gift-wrapping-mockup-scene.jpg","https://raw.githubusercontent.com/noma-studio/noma-studio/main/pinterest-assets/uploaded/etsy-seller-packaging-mockups-ai-pack/09-premium-gift-wrapping-mockup-scene.jpg","C:\Users\김승원\Documents\New project 6\github_upload_ready_jpg\pinterest-assets\uploaded\etsy-seller-packaging-mockups-ai-pack\09-premium-gift-wrapping-mockup-scene.jpg","215756","d5300335c489a754c89025de2edbda127987a29cae4199d6d1075eb33db15a44","09-premium-gift-wrapping-mockup-scene.png"
"etsy-seller-packaging-mockups-ai-pack","30-complete-etsy-packaging-mockup-toolkit-scene.jpg","pinterest-assets/uploaded/etsy-seller-packaging-mockups-ai-pack/30-complete-etsy-packaging-mockup-toolkit-scene.jpg","https://raw.githubusercontent.com/noma-studio/noma-studio/main/pinterest-assets/uploaded/etsy-seller-packaging-mockups-ai-pack/30-complete-etsy-packaging-mockup-toolkit-scene.jpg","C:\Users\김승원\Documents\New project 6\github_upload_ready_jpg\pinterest-assets\uploaded\etsy-seller-packaging-mockups-ai-pack\30-complete-etsy-packaging-mockup-toolkit-scene.jpg","245806","5722bb58527ad51b7d63245f3cf8c735b12f7676da6e3461710c5628d4c64231","30-complete-etsy-packaging-mockup-toolkit-scene.png"
"fantasy-landscape-backgrounds-with-copy-space-ai-pack","07-secret-garden-gate-fantasy-background.jpg","pinterest-assets/uploaded/fantasy-landscape-backgrounds-with-copy-space-ai-pack/07-secret-garden-gate-fantasy-background.jpg","https://raw.githubusercontent.com/noma-studio/noma-studio/main/pinterest-assets/uploaded/fantasy-landscape-backgrounds-with-copy-space-ai-pack/07-secret-garden-gate-fantasy-background.jpg","C:\Users\김승원\Documents\New project 6\github_upload_ready_jpg\pinterest-assets\uploaded\fantasy-landscape-backgrounds-with-copy-space-ai-pack\07-secret-garden-gate-fantasy-background.jpg","335264","2b9aae108a410f0486dc7badd91e8d89f3018c094f44b93712cb6cae8cddd737","07-secret-garden-gate-fantasy-background.png"
"fantasy-landscape-backgrounds-with-copy-space-ai-pack","28-soft-fantasy-autumn-forest-background.jpg","pinterest-assets/uploaded/fantasy-landscape-backgrounds-with-copy-space-ai-pack/28-soft-fantasy-autumn-forest-background.jpg","https://raw.githubusercontent.com/noma-studio/noma-studio/main/pinterest-assets/uploaded/fantasy-landscape-backgrounds-with-copy-space-ai-pack/28-soft-fantasy-autumn-forest-background.jpg","C:\Users\김승원\Documents\New project 6\github_upload_ready_jpg\pinterest-assets\uploaded\fantasy-landscape-backgrounds-with-copy-space-ai-pack\28-soft-fantasy-autumn-forest-background.jpg","359576","e5c1cb4a6ac2aad1679ecd9900e2664a05bc16f405e87e611746dcf40ffa6e80","28-soft-fantasy-autumn-forest-background.png"
"fantasy-landscape-backgrounds-with-copy-space-ai-pack","30-complete-fantasy-landscape-backgrounds-toolkit-scene.jpg","pinterest-assets/uploaded/fantasy-landscape-backgrounds-with-copy-space-ai-pack/30-complete-fantasy-landscape-backgrounds-toolkit-scene.jpg","https://raw.githubusercontent.com/noma-studio/noma-studio/main/pinterest-assets/uploaded/fantasy-landscape-backgrounds-with-copy-space-ai-pack/30-complete-fantasy-landscape-backgrounds-toolkit-scene.jpg","C:\Users\김승원\Documents\New project 6\github_upload_ready_jpg\pinterest-assets\uploaded\fantasy-landscape-backgrounds-with-copy-space-ai-pack\30-complete-fantasy-landscape-backgrounds-toolkit-scene.jpg","218010","22d03cd3b60eefb4270783776bd68859bef31449856e42f2afa75312a07a1811","30-complete-fantasy-landscape-backgrounds-toolkit-scene.png"
"home-office-productivity-ai-photo-pack","10-coffee-notes-tablet.jpg","pinterest-assets/uploaded/home-office-productivity-ai-photo-pack/10-coffee-notes-tablet.jpg","https://raw.githubusercontent.com/noma-studio/noma-studio/main/pinterest-assets/uploaded/home-office-productivity-ai-photo-pack/10-coffee-notes-tablet.jpg","C:\Users\김승원\Documents\New project 6\github_upload_ready_jpg\pinterest-assets\uploaded\home-office-productivity-ai-photo-pack\10-coffee-notes-tablet.jpg","152557","323c1b2baf3b4484fd3a83304fe51e059004d5c029b904cde2c3608458748394","10-coffee-notes-tablet.png"
"home-office-productivity-ai-photo-pack","18-top-down-typing-scene.jpg","pinterest-assets/uploaded/home-office-productivity-ai-photo-pack/18-top-down-typing-scene.jpg","https://raw.githubusercontent.com/noma-studio/noma-studio/main/pinterest-assets/uploaded/home-office-productivity-ai-photo-pack/18-top-down-typing-scene.jpg","C:\Users\김승원\Documents\New project 6\github_upload_ready_jpg\pinterest-assets\uploaded\home-office-productivity-ai-photo-pack\18-top-down-typing-scene.jpg","272891","1b503f51a6530cfd72fc4f5a7701bde3de0f950b3358f3ed651bb7099b758b1b","18-top-down-typing-scene.png"
"home-office-productivity-ai-photo-pack","26-minimal-desk-accessories-flat-lay.jpg","pinterest-assets/uploaded/home-office-productivity-ai-photo-pack/26-minimal-desk-accessories-flat-lay.jpg","https://raw.githubusercontent.com/noma-studio/noma-studio/main/pinterest-assets/uploaded/home-office-productivity-ai-photo-pack/26-minimal-desk-accessories-flat-lay.jpg","C:\Users\김승원\Documents\New project 6\github_upload_ready_jpg\pinterest-assets\uploaded\home-office-productivity-ai-photo-pack\26-minimal-desk-accessories-flat-lay.jpg","243935","759ff32595e37f2b77abe78b4cbf15d8f4420ac6d12d0a745fa60a49e7b8b5e9","26-minimal-desk-accessories-flat-lay.png"
"italian-pasta-pizza-lifestyle-ai-photo-pack","26-italian-vegetable-pasta-casual-dining-scene.jpg","pinterest-assets/uploaded/italian-pasta-pizza-lifestyle-ai-photo-pack/26-italian-vegetable-pasta-casual-dining-scene.jpg","https://raw.githubusercontent.com/noma-studio/noma-studio/main/pinterest-assets/uploaded/italian-pasta-pizza-lifestyle-ai-photo-pack/26-italian-vegetable-pasta-casual-dining-scene.jpg","C:\Users\김승원\Documents\New project 6\github_upload_ready_jpg\pinterest-assets\uploaded\italian-pasta-pizza-lifestyle-ai-photo-pack\26-italian-vegetable-pasta-casual-dining-scene.jpg","240252","6544eca2c3eef701d64fe3b206cfe3dc6ac06e61fdbabbf85342df2ec3132cd0","26-italian-vegetable-pasta-casual-dining-scene.png"
"italian-pasta-pizza-lifestyle-ai-photo-pack","27-italian-food-lifestyle-flat-lay-everyday.jpg","pinterest-assets/uploaded/italian-pasta-pizza-lifestyle-ai-photo-pack/27-italian-food-lifestyle-flat-lay-everyday.jpg","https://raw.githubusercontent.com/noma-studio/noma-studio/main/pinterest-assets/uploaded/italian-pasta-pizza-lifestyle-ai-photo-pack/27-italian-food-lifestyle-flat-lay-everyday.jpg","C:\Users\김승원\Documents\New project 6\github_upload_ready_jpg\pinterest-assets\uploaded\italian-pasta-pizza-lifestyle-ai-photo-pack\27-italian-food-lifestyle-flat-lay-everyday.jpg","295849","3ebd94dfc638121222e3a51af394c78e717d4f433eb44829734df2896542195a","27-italian-food-lifestyle-flat-lay-everyday.png"
"italian-pasta-pizza-lifestyle-ai-photo-pack","30-complete-italian-pasta-pizza-lifestyle-toolkit.jpg","pinterest-assets/uploaded/italian-pasta-pizza-lifestyle-ai-photo-pack/30-complete-italian-pasta-pizza-lifestyle-toolkit.jpg","https://raw.githubusercontent.com/noma-studio/noma-studio/main/pinterest-assets/uploaded/italian-pasta-pizza-lifestyle-ai-photo-pack/30-complete-italian-pasta-pizza-lifestyle-toolkit.jpg","C:\Users\김승원\Documents\New project 6\github_upload_ready_jpg\pinterest-assets\uploaded\italian-pasta-pizza-lifestyle-ai-photo-pack\30-complete-italian-pasta-pizza-lifestyle-toolkit.jpg","329785","1cf361433f1fbee9baff963633554e9423af4dc2682d444e5ef739e2b0415a55","30-complete-italian-pasta-pizza-lifestyle-toolkit.png"
"japanese-food-lifestyle-ai-photo-pack","03-bento-box-meal-balanced-japanese-foods.jpg","pinterest-assets/uploaded/japanese-food-lifestyle-ai-photo-pack/03-bento-box-meal-balanced-japanese-foods.jpg","https://raw.githubusercontent.com/noma-studio/noma-studio/main/pinterest-assets/uploaded/japanese-food-lifestyle-ai-photo-pack/03-bento-box-meal-balanced-japanese-foods.jpg","C:\Users\김승원\Documents\New project 6\github_upload_ready_jpg\pinterest-assets\uploaded\japanese-food-lifestyle-ai-photo-pack\03-bento-box-meal-balanced-japanese-foods.jpg","295161","22a6f1b163bd2f51a29e434594de08d6951feda45eb3b7199c008cd01ac981ff","03-bento-box-meal-balanced-japanese-foods.png"
"japanese-food-lifestyle-ai-photo-pack","08-japanese-street-food-takoyaki-scene.jpg","pinterest-assets/uploaded/japanese-food-lifestyle-ai-photo-pack/08-japanese-street-food-takoyaki-scene.jpg","https://raw.githubusercontent.com/noma-studio/noma-studio/main/pinterest-assets/uploaded/japanese-food-lifestyle-ai-photo-pack/08-japanese-street-food-takoyaki-scene.jpg","C:\Users\김승원\Documents\New project 6\github_upload_ready_jpg\pinterest-assets\uploaded\japanese-food-lifestyle-ai-photo-pack\08-japanese-street-food-takoyaki-scene.jpg","213701","969d55e56c5439014d395bb0e23617924499accb5ea967c0b640e11f7ee87488","08-japanese-street-food-takoyaki-scene.png"
"japanese-food-lifestyle-ai-photo-pack","30-complete-japanese-food-lifestyle-toolkit-scene.jpg","pinterest-assets/uploaded/japanese-food-lifestyle-ai-photo-pack/30-complete-japanese-food-lifestyle-toolkit-scene.jpg","https://raw.githubusercontent.com/noma-studio/noma-studio/main/pinterest-assets/uploaded/japanese-food-lifestyle-ai-photo-pack/30-complete-japanese-food-lifestyle-toolkit-scene.jpg","C:\Users\김승원\Documents\New project 6\github_upload_ready_jpg\pinterest-assets\uploaded\japanese-food-lifestyle-ai-photo-pack\30-complete-japanese-food-lifestyle-toolkit-scene.jpg","309589","7dd010a2009dc380b3fdd2caee9db84c83ed7cdd690a33ae4990206eb886b890","30-complete-japanese-food-lifestyle-toolkit-scene.png"
"korean-food-lifestyle-ai-photo-pack","06-tteokbokki-fried-snacks-street-food-scene.jpg","pinterest-assets/uploaded/korean-food-lifestyle-ai-photo-pack/06-tteokbokki-fried-snacks-street-food-scene.jpg","https://raw.githubusercontent.com/noma-studio/noma-studio/main/pinterest-assets/uploaded/korean-food-lifestyle-ai-photo-pack/06-tteokbokki-fried-snacks-street-food-scene.jpg","C:\Users\김승원\Documents\New project 6\github_upload_ready_jpg\pinterest-assets\uploaded\korean-food-lifestyle-ai-photo-pack\06-tteokbokki-fried-snacks-street-food-scene.jpg","288855","20ee78ad1a682fd86659321bcfa7895e211dac04fe9f07a82855919438488b0e","06-tteokbokki-fried-snacks-street-food-scene.png"
"korean-food-lifestyle-ai-photo-pack","27-k-food-lifestyle-flat-lay-everyday.jpg","pinterest-assets/uploaded/korean-food-lifestyle-ai-photo-pack/27-k-food-lifestyle-flat-lay-everyday.jpg","https://raw.githubusercontent.com/noma-studio/noma-studio/main/pinterest-assets/uploaded/korean-food-lifestyle-ai-photo-pack/27-k-food-lifestyle-flat-lay-everyday.jpg","C:\Users\김승원\Documents\New project 6\github_upload_ready_jpg\pinterest-assets\uploaded\korean-food-lifestyle-ai-photo-pack\27-k-food-lifestyle-flat-lay-everyday.jpg","292933","605a37d92185566d293faf2fb0c1aaaf4c079e969d39bb352b445fcf20b88023","27-k-food-lifestyle-flat-lay-everyday.png"
"korean-food-lifestyle-ai-photo-pack","30-complete-korean-food-lifestyle-toolkit-scene.jpg","pinterest-assets/uploaded/korean-food-lifestyle-ai-photo-pack/30-complete-korean-food-lifestyle-toolkit-scene.jpg","https://raw.githubusercontent.com/noma-studio/noma-studio/main/pinterest-assets/uploaded/korean-food-lifestyle-ai-photo-pack/30-complete-korean-food-lifestyle-toolkit-scene.jpg","C:\Users\김승원\Documents\New project 6\github_upload_ready_jpg\pinterest-assets\uploaded\korean-food-lifestyle-ai-photo-pack\30-complete-korean-food-lifestyle-toolkit-scene.jpg","353373","49b9aebdedf136d3618b34a4185877ae8435d7cb6e7a5fa0c219caf2c8747e52","30-complete-korean-food-lifestyle-toolkit-scene.png"
"lo-fi-cozy-room-backgrounds-ai-pack","01-cozy-desk-window-sunset.jpg","pinterest-assets/uploaded/lo-fi-cozy-room-backgrounds-ai-pack/01-cozy-desk-window-sunset.jpg","https://raw.githubusercontent.com/noma-studio/noma-studio/main/pinterest-assets/uploaded/lo-fi-cozy-room-backgrounds-ai-pack/01-cozy-desk-window-sunset.jpg","C:\Users\김승원\Documents\New project 6\github_upload_ready_jpg\pinterest-assets\uploaded\lo-fi-cozy-room-backgrounds-ai-pack\01-cozy-desk-window-sunset.jpg","154296","366e563c5965fd4c178ca0d58246f6aa072f2dfe582163ec1c6eac48fb0ae917","01-cozy-desk-window-sunset.png"
"lo-fi-cozy-room-backgrounds-ai-pack","07-cozy-shelf-desk-corner-studying.jpg","pinterest-assets/uploaded/lo-fi-cozy-room-backgrounds-ai-pack/07-cozy-shelf-desk-corner-studying.jpg","https://raw.githubusercontent.com/noma-studio/noma-studio/main/pinterest-assets/uploaded/lo-fi-cozy-room-backgrounds-ai-pack/07-cozy-shelf-desk-corner-studying.jpg","C:\Users\김승원\Documents\New project 6\github_upload_ready_jpg\pinterest-assets\uploaded\lo-fi-cozy-room-backgrounds-ai-pack\07-cozy-shelf-desk-corner-studying.jpg","157811","7bd0ee7e588b70cb2a1ffcc134ede37017d8e9bba6c29e72fceceb6d4cae45ff","07-cozy-shelf-desk-corner-studying.png"
"lo-fi-cozy-room-backgrounds-ai-pack","30-complete-lo-fi-cozy-room-backgrounds.jpg","pinterest-assets/uploaded/lo-fi-cozy-room-backgrounds-ai-pack/30-complete-lo-fi-cozy-room-backgrounds.jpg","https://raw.githubusercontent.com/noma-studio/noma-studio/main/pinterest-assets/uploaded/lo-fi-cozy-room-backgrounds-ai-pack/30-complete-lo-fi-cozy-room-backgrounds.jpg","C:\Users\김승원\Documents\New project 6\github_upload_ready_jpg\pinterest-assets\uploaded\lo-fi-cozy-room-backgrounds-ai-pack\30-complete-lo-fi-cozy-room-backgrounds.jpg","152687","818271d437d31479db0479a22c6a99e6f251f545c1f9e7c71a1a4228d0e8dd3c","30-complete-lo-fi-cozy-room-backgrounds.png"
"mexican-food-lifestyle-ai-photo-pack","27-mexican-food-lifestyle-flat-lay-everyday.jpg","pinterest-assets/uploaded/mexican-food-lifestyle-ai-photo-pack/27-mexican-food-lifestyle-flat-lay-everyday.jpg","https://raw.githubusercontent.com/noma-studio/noma-studio/main/pinterest-assets/uploaded/mexican-food-lifestyle-ai-photo-pack/27-mexican-food-lifestyle-flat-lay-everyday.jpg","C:\Users\김승원\Documents\New project 6\github_upload_ready_jpg\pinterest-assets\uploaded\mexican-food-lifestyle-ai-photo-pack\27-mexican-food-lifestyle-flat-lay-everyday.jpg","346704","d0577911f50f9f0a6ca9a016a889790cdd7fbfa13544b88f5dfa11c9fcb48b6d","27-mexican-food-lifestyle-flat-lay-everyday.png"
"mexican-food-lifestyle-ai-photo-pack","28-pozole-soup-meal-cozy-dining-scene.jpg","pinterest-assets/uploaded/mexican-food-lifestyle-ai-photo-pack/28-pozole-soup-meal-cozy-dining-scene.jpg","https://raw.githubusercontent.com/noma-studio/noma-studio/main/pinterest-assets/uploaded/mexican-food-lifestyle-ai-photo-pack/28-pozole-soup-meal-cozy-dining-scene.jpg","C:\Users\김승원\Documents\New project 6\github_upload_ready_jpg\pinterest-assets\uploaded\mexican-food-lifestyle-ai-photo-pack\28-pozole-soup-meal-cozy-dining-scene.jpg","248121","f6520734d80a642add805780c644e4d765ea95b4c1695893de90b301f78f4c81","28-pozole-soup-meal-cozy-dining-scene.png"
"mexican-food-lifestyle-ai-photo-pack","30-complete-mexican-food-lifestyle-toolkit-scene.jpg","pinterest-assets/uploaded/mexican-food-lifestyle-ai-photo-pack/30-complete-mexican-food-lifestyle-toolkit-scene.jpg","https://raw.githubusercontent.com/noma-studio/noma-studio/main/pinterest-assets/uploaded/mexican-food-lifestyle-ai-photo-pack/30-complete-mexican-food-lifestyle-toolkit-scene.jpg","C:\Users\김승원\Documents\New project 6\github_upload_ready_jpg\pinterest-assets\uploaded\mexican-food-lifestyle-ai-photo-pack\30-complete-mexican-food-lifestyle-toolkit-scene.jpg","334440","bcbd0c29d12ff3affcf8df172ee45ecfd16cf4f22333a2e40a84a948b218b9eb","30-complete-mexican-food-lifestyle-toolkit-scene.png"
"minimal-backgrounds-ai-pack","22-warm-ivory-wall-shelf-shadow.jpg","pinterest-assets/uploaded/minimal-backgrounds-ai-pack/22-warm-ivory-wall-shelf-shadow.jpg","https://raw.githubusercontent.com/noma-studio/noma-studio/main/pinterest-assets/uploaded/minimal-backgrounds-ai-pack/22-warm-ivory-wall-shelf-shadow.jpg","C:\Users\김승원\Documents\New project 6\github_upload_ready_jpg\pinterest-assets\uploaded\minimal-backgrounds-ai-pack\22-warm-ivory-wall-shelf-shadow.jpg","65472","ed340ea1d4020d583f3e02d13a7cf3e6503e3402f1d2d7d04d2de8089e0e5640","22-warm-ivory-wall-shelf-shadow.png"
"minimal-backgrounds-ai-pack","29-minimal-shelf-ledge-background.jpg","pinterest-assets/uploaded/minimal-backgrounds-ai-pack/29-minimal-shelf-ledge-background.jpg","https://raw.githubusercontent.com/noma-studio/noma-studio/main/pinterest-assets/uploaded/minimal-backgrounds-ai-pack/29-minimal-shelf-ledge-background.jpg","C:\Users\김승원\Documents\New project 6\github_upload_ready_jpg\pinterest-assets\uploaded\minimal-backgrounds-ai-pack\29-minimal-shelf-ledge-background.jpg","121329","1de4f558ab1ce176c8a86ffdb996e7b9e245178e524e53cd1a43ebbd7faafa71","29-minimal-shelf-ledge-background.png"
"minimal-backgrounds-ai-pack","30-complete-minimal-neutral-background-set-scene.jpg","pinterest-assets/uploaded/minimal-backgrounds-ai-pack/30-complete-minimal-neutral-background-set-scene.jpg","https://raw.githubusercontent.com/noma-studio/noma-studio/main/pinterest-assets/uploaded/minimal-backgrounds-ai-pack/30-complete-minimal-neutral-background-set-scene.jpg","C:\Users\김승원\Documents\New project 6\github_upload_ready_jpg\pinterest-assets\uploaded\minimal-backgrounds-ai-pack\30-complete-minimal-neutral-background-set-scene.jpg","175187","98e2ad9155a4b850e334b5255b0f9c61655b8c1284b73c18b1b5ab5d757f478b","30-complete-minimal-neutral-background-set-scene.png"
"minimal-neutral-backgrounds-with-copy-space-ai-pack","14-neutral-arch-wall-background-product-display.jpg","pinterest-assets/uploaded/minimal-neutral-backgrounds-with-copy-space-ai-pack/14-neutral-arch-wall-background-product-display.jpg","https://raw.githubusercontent.com/noma-studio/noma-studio/main/pinterest-assets/uploaded/minimal-neutral-backgrounds-with-copy-space-ai-pack/14-neutral-arch-wall-background-product-display.jpg","C:\Users\김승원\Documents\New project 6\github_upload_ready_jpg\pinterest-assets\uploaded\minimal-neutral-backgrounds-with-copy-space-ai-pack\14-neutral-arch-wall-background-product-display.jpg","219389","dc111da9f7258c3d0c1000e1e0c4ff07916b7e7732b2d6e43afc41c0801ab47d","14-neutral-arch-wall-background-product-display.png"
"minimal-neutral-backgrounds-with-copy-space-ai-pack","17-soft-beige-desk-background-coffee-edge.jpg","pinterest-assets/uploaded/minimal-neutral-backgrounds-with-copy-space-ai-pack/17-soft-beige-desk-background-coffee-edge.jpg","https://raw.githubusercontent.com/noma-studio/noma-studio/main/pinterest-assets/uploaded/minimal-neutral-backgrounds-with-copy-space-ai-pack/17-soft-beige-desk-background-coffee-edge.jpg","C:\Users\김승원\Documents\New project 6\github_upload_ready_jpg\pinterest-assets\uploaded\minimal-neutral-backgrounds-with-copy-space-ai-pack\17-soft-beige-desk-background-coffee-edge.jpg","224500","7fbbe766004a754c97848be35b6ae8c646c5b19390a794797619682d3a040bfd","17-soft-beige-desk-background-coffee-edge.png"
"minimal-neutral-backgrounds-with-copy-space-ai-pack","30-complete-minimal-neutral-background-toolkit-scene.jpg","pinterest-assets/uploaded/minimal-neutral-backgrounds-with-copy-space-ai-pack/30-complete-minimal-neutral-background-toolkit-scene.jpg","https://raw.githubusercontent.com/noma-studio/noma-studio/main/pinterest-assets/uploaded/minimal-neutral-backgrounds-with-copy-space-ai-pack/30-complete-minimal-neutral-background-toolkit-scene.jpg","C:\Users\김승원\Documents\New project 6\github_upload_ready_jpg\pinterest-assets\uploaded\minimal-neutral-backgrounds-with-copy-space-ai-pack\30-complete-minimal-neutral-background-toolkit-scene.jpg","226547","bf89a7b6f5a1a7cc87925777b5fec78caf34e36f9fec8e99cf24745a53e0914a","30-complete-minimal-neutral-background-toolkit-scene.png"
"seasonal-backgrounds-ai-pack","14-cozy-fall-flat-lay-knit-fabric.jpg","pinterest-assets/uploaded/seasonal-backgrounds-ai-pack/14-cozy-fall-flat-lay-knit-fabric.jpg","https://raw.githubusercontent.com/noma-studio/noma-studio/main/pinterest-assets/uploaded/seasonal-backgrounds-ai-pack/14-cozy-fall-flat-lay-knit-fabric.jpg","C:\Users\김승원\Documents\New project 6\github_upload_ready_jpg\pinterest-assets\uploaded\seasonal-backgrounds-ai-pack\14-cozy-fall-flat-lay-knit-fabric.jpg","352017","fcc56d0fd81fd000fb2f3f5ea39de719b0a12a8de94692ae292d01a7192ddfea","14-cozy-fall-flat-lay-knit-fabric.png"
"seasonal-backgrounds-ai-pack","18-thanksgiving-inspired-table-background.jpg","pinterest-assets/uploaded/seasonal-backgrounds-ai-pack/18-thanksgiving-inspired-table-background.jpg","https://raw.githubusercontent.com/noma-studio/noma-studio/main/pinterest-assets/uploaded/seasonal-backgrounds-ai-pack/18-thanksgiving-inspired-table-background.jpg","C:\Users\김승원\Documents\New project 6\github_upload_ready_jpg\pinterest-assets\uploaded\seasonal-backgrounds-ai-pack\18-thanksgiving-inspired-table-background.jpg","230965","3d527388a17365db697429f743b8f0689eea447fdc127c031ada99be31955e80","18-thanksgiving-inspired-table-background.png"
"seasonal-backgrounds-ai-pack","30-complete-seasonal-backgrounds-toolkit-scene.jpg","pinterest-assets/uploaded/seasonal-backgrounds-ai-pack/30-complete-seasonal-backgrounds-toolkit-scene.jpg","https://raw.githubusercontent.com/noma-studio/noma-studio/main/pinterest-assets/uploaded/seasonal-backgrounds-ai-pack/30-complete-seasonal-backgrounds-toolkit-scene.jpg","C:\Users\김승원\Documents\New project 6\github_upload_ready_jpg\pinterest-assets\uploaded\seasonal-backgrounds-ai-pack\30-complete-seasonal-backgrounds-toolkit-scene.jpg","336067","3d0e2a0ad5538a35828cfc1b65ce377115d9acb049f110a944a10143457530ad","30-complete-seasonal-backgrounds-toolkit-scene.png"
"skincare-beauty-minimal-ai-photo-pack","01-minimal-skincare-flat-lay-neutral-surface.jpg","pinterest-assets/uploaded/skincare-beauty-minimal-ai-photo-pack/01-minimal-skincare-flat-lay-neutral-surface.jpg","https://raw.githubusercontent.com/noma-studio/noma-studio/main/pinterest-assets/uploaded/skincare-beauty-minimal-ai-photo-pack/01-minimal-skincare-flat-lay-neutral-surface.jpg","C:\Users\김승원\Documents\New project 6\github_upload_ready_jpg\pinterest-assets\uploaded\skincare-beauty-minimal-ai-photo-pack\01-minimal-skincare-flat-lay-neutral-surface.jpg","261430","dc436319f36c7496e94a420bd46173ffed10b30edeb6d934e8969b673f18dea3","01-minimal-skincare-flat-lay-neutral-surface.png"
"skincare-beauty-minimal-ai-photo-pack","13-natural-skincare-ingredients-products.jpg","pinterest-assets/uploaded/skincare-beauty-minimal-ai-photo-pack/13-natural-skincare-ingredients-products.jpg","https://raw.githubusercontent.com/noma-studio/noma-studio/main/pinterest-assets/uploaded/skincare-beauty-minimal-ai-photo-pack/13-natural-skincare-ingredients-products.jpg","C:\Users\김승원\Documents\New project 6\github_upload_ready_jpg\pinterest-assets\uploaded\skincare-beauty-minimal-ai-photo-pack\13-natural-skincare-ingredients-products.jpg","196459","c62e90798fe038e8684e473251333b4293f1d7c00c42c2c4654ea5cc406acbdc","13-natural-skincare-ingredients-products.png"
"skincare-beauty-minimal-ai-photo-pack","30-complete-minimal-skincare-beauty-toolkit.jpg","pinterest-assets/uploaded/skincare-beauty-minimal-ai-photo-pack/30-complete-minimal-skincare-beauty-toolkit.jpg","https://raw.githubusercontent.com/noma-studio/noma-studio/main/pinterest-assets/uploaded/skincare-beauty-minimal-ai-photo-pack/30-complete-minimal-skincare-beauty-toolkit.jpg","C:\Users\김승원\Documents\New project 6\github_upload_ready_jpg\pinterest-assets\uploaded\skincare-beauty-minimal-ai-photo-pack\30-complete-minimal-skincare-beauty-toolkit.jpg","204947","6d731d6b6560013094a8429efd936c186dba3f44b8e6e402dc2ccfe33d98267d","30-complete-minimal-skincare-beauty-toolkit.png"
"slow-morning-lifestyle-ai-photo-pack","02-cozy-bed-breakfast-tray.jpg","pinterest-assets/uploaded/slow-morning-lifestyle-ai-photo-pack/02-cozy-bed-breakfast-tray.jpg","https://raw.githubusercontent.com/noma-studio/noma-studio/main/pinterest-assets/uploaded/slow-morning-lifestyle-ai-photo-pack/02-cozy-bed-breakfast-tray.jpg","C:\Users\김승원\Documents\New project 6\github_upload_ready_jpg\pinterest-assets\uploaded\slow-morning-lifestyle-ai-photo-pack\02-cozy-bed-breakfast-tray.jpg","213296","cea970c367c57381d2f6ec93a6161614023031253302494398a23c423fbd1241","02-cozy-bed-breakfast-tray.png"
"slow-morning-lifestyle-ai-photo-pack","10-breakfast-toast-coffee-flat-lay.jpg","pinterest-assets/uploaded/slow-morning-lifestyle-ai-photo-pack/10-breakfast-toast-coffee-flat-lay.jpg","https://raw.githubusercontent.com/noma-studio/noma-studio/main/pinterest-assets/uploaded/slow-morning-lifestyle-ai-photo-pack/10-breakfast-toast-coffee-flat-lay.jpg","C:\Users\김승원\Documents\New project 6\github_upload_ready_jpg\pinterest-assets\uploaded\slow-morning-lifestyle-ai-photo-pack\10-breakfast-toast-coffee-flat-lay.jpg","263051","d4cf88c43cd603821a06c3c7db17edffaf6a5e152da8db387ec5a55bdcc74dfc","10-breakfast-toast-coffee-flat-lay.png"
"slow-morning-lifestyle-ai-photo-pack","30-complete-slow-morning-lifestyle-toolkit.jpg","pinterest-assets/uploaded/slow-morning-lifestyle-ai-photo-pack/30-complete-slow-morning-lifestyle-toolkit.jpg","https://raw.githubusercontent.com/noma-studio/noma-studio/main/pinterest-assets/uploaded/slow-morning-lifestyle-ai-photo-pack/30-complete-slow-morning-lifestyle-toolkit.jpg","C:\Users\김승원\Documents\New project 6\github_upload_ready_jpg\pinterest-assets\uploaded\slow-morning-lifestyle-ai-photo-pack\30-complete-slow-morning-lifestyle-toolkit.jpg","184414","02ef2b201a34bf285ca1cb805c4360ac1629449539ce2d1926b3d25fc565b7b9","30-complete-slow-morning-lifestyle-toolkit.png"
"soft-animated-backgrounds-with-copy-space-ai-pack","20-cozy-bookstore-style-interior-background.jpg","pinterest-assets/uploaded/soft-animated-backgrounds-with-copy-space-ai-pack/20-cozy-bookstore-style-interior-background.jpg","https://raw.githubusercontent.com/noma-studio/noma-studio/main/pinterest-assets/uploaded/soft-animated-backgrounds-with-copy-space-ai-pack/20-cozy-bookstore-style-interior-background.jpg","C:\Users\김승원\Documents\New project 6\github_upload_ready_jpg\pinterest-assets\uploaded\soft-animated-backgrounds-with-copy-space-ai-pack\20-cozy-bookstore-style-interior-background.jpg","158631","c0aa57d90be9540744a0a56ea592a4d167801c0f2238fc6881e6d642e23ea4a6","20-cozy-bookstore-style-interior-background.png"
"soft-animated-backgrounds-with-copy-space-ai-pack","27-cozy-autumn-animated-window-background.jpg","pinterest-assets/uploaded/soft-animated-backgrounds-with-copy-space-ai-pack/27-cozy-autumn-animated-window-background.jpg","https://raw.githubusercontent.com/noma-studio/noma-studio/main/pinterest-assets/uploaded/soft-animated-backgrounds-with-copy-space-ai-pack/27-cozy-autumn-animated-window-background.jpg","C:\Users\김승원\Documents\New project 6\github_upload_ready_jpg\pinterest-assets\uploaded\soft-animated-backgrounds-with-copy-space-ai-pack\27-cozy-autumn-animated-window-background.jpg","193186","8d1a9bff2d373817b892a7b1d9c74aa83b90bd8325e7f7fe7926a4ce1cc6ea98","27-cozy-autumn-animated-window-background.png"
"soft-animated-backgrounds-with-copy-space-ai-pack","30-complete-soft-animated-backgrounds-toolkit-scene.jpg","pinterest-assets/uploaded/soft-animated-backgrounds-with-copy-space-ai-pack/30-complete-soft-animated-backgrounds-toolkit-scene.jpg","https://raw.githubusercontent.com/noma-studio/noma-studio/main/pinterest-assets/uploaded/soft-animated-backgrounds-with-copy-space-ai-pack/30-complete-soft-animated-backgrounds-toolkit-scene.jpg","C:\Users\김승원\Documents\New project 6\github_upload_ready_jpg\pinterest-assets\uploaded\soft-animated-backgrounds-with-copy-space-ai-pack\30-complete-soft-animated-backgrounds-toolkit-scene.jpg","140890","d7b3683821236ba63a02263f50f4080a4621b9103f2e481b26669f35df0bb3e6","30-complete-soft-animated-backgrounds-toolkit-scene.png"
"thai-food-lifestyle-ai-photo-pack","08-thai-street-food-skewers-snacks-scene.jpg","pinterest-assets/uploaded/thai-food-lifestyle-ai-photo-pack/08-thai-street-food-skewers-snacks-scene.jpg","https://raw.githubusercontent.com/noma-studio/noma-studio/main/pinterest-assets/uploaded/thai-food-lifestyle-ai-photo-pack/08-thai-street-food-skewers-snacks-scene.jpg","C:\Users\김승원\Documents\New project 6\github_upload_ready_jpg\pinterest-assets\uploaded\thai-food-lifestyle-ai-photo-pack\08-thai-street-food-skewers-snacks-scene.jpg","289956","e10a6e675937e9a4667b8e4b60d082d459deaaf1164a9dd80f816f8150b90c34","08-thai-street-food-skewers-snacks-scene.png"
"thai-food-lifestyle-ai-photo-pack","27-thai-food-lifestyle-flat-lay-everyday.jpg","pinterest-assets/uploaded/thai-food-lifestyle-ai-photo-pack/27-thai-food-lifestyle-flat-lay-everyday.jpg","https://raw.githubusercontent.com/noma-studio/noma-studio/main/pinterest-assets/uploaded/thai-food-lifestyle-ai-photo-pack/27-thai-food-lifestyle-flat-lay-everyday.jpg","C:\Users\김승원\Documents\New project 6\github_upload_ready_jpg\pinterest-assets\uploaded\thai-food-lifestyle-ai-photo-pack\27-thai-food-lifestyle-flat-lay-everyday.jpg","333328","b0a83dffff7dd8eb216bec7cef1091bce12b4ba56da10681c575cb26fdc6b2ef","27-thai-food-lifestyle-flat-lay-everyday.png"
"thai-food-lifestyle-ai-photo-pack","30-complete-thai-food-lifestyle-toolkit-scene.jpg","pinterest-assets/uploaded/thai-food-lifestyle-ai-photo-pack/30-complete-thai-food-lifestyle-toolkit-scene.jpg","https://raw.githubusercontent.com/noma-studio/noma-studio/main/pinterest-assets/uploaded/thai-food-lifestyle-ai-photo-pack/30-complete-thai-food-lifestyle-toolkit-scene.jpg","C:\Users\김승원\Documents\New project 6\github_upload_ready_jpg\pinterest-assets\uploaded\thai-food-lifestyle-ai-photo-pack\30-complete-thai-food-lifestyle-toolkit-scene.jpg","330669","f92bf04e4b83fe096dd3bf3e332331cb54b686b7de17ab070cf049d06dcf1d70","30-complete-thai-food-lifestyle-toolkit-scene.png"
"weekend-travel-short-getaway-ai-photo-pack","19-cozy-rental-home-reading-resting-scene.jpg","pinterest-assets/uploaded/weekend-travel-short-getaway-ai-photo-pack/19-cozy-rental-home-reading-resting-scene.jpg","https://raw.githubusercontent.com/noma-studio/noma-studio/main/pinterest-assets/uploaded/weekend-travel-short-getaway-ai-photo-pack/19-cozy-rental-home-reading-resting-scene.jpg","C:\Users\김승원\Documents\New project 6\github_upload_ready_jpg\pinterest-assets\uploaded\weekend-travel-short-getaway-ai-photo-pack\19-cozy-rental-home-reading-resting-scene.jpg","205065","4b07e53b3d8b9e9ee01494e5ccf50795fb65145d9b92fcbb821ba61a6382e488","19-cozy-rental-home-reading-resting-scene.png"
"weekend-travel-short-getaway-ai-photo-pack","26-minimal-travel-breakfast-small-balcony-table.jpg","pinterest-assets/uploaded/weekend-travel-short-getaway-ai-photo-pack/26-minimal-travel-breakfast-small-balcony-table.jpg","https://raw.githubusercontent.com/noma-studio/noma-studio/main/pinterest-assets/uploaded/weekend-travel-short-getaway-ai-photo-pack/26-minimal-travel-breakfast-small-balcony-table.jpg","C:\Users\김승원\Documents\New project 6\github_upload_ready_jpg\pinterest-assets\uploaded\weekend-travel-short-getaway-ai-photo-pack\26-minimal-travel-breakfast-small-balcony-table.jpg","200561","dd59c574dba975b33d9885853081d66135ece325e5852c343efba9c0323f8ab1","26-minimal-travel-breakfast-small-balcony-table.png"
"weekend-travel-short-getaway-ai-photo-pack","30-complete-weekend-travel-lifestyle-toolkit-scene.jpg","pinterest-assets/uploaded/weekend-travel-short-getaway-ai-photo-pack/30-complete-weekend-travel-lifestyle-toolkit-scene.jpg","https://raw.githubusercontent.com/noma-studio/noma-studio/main/pinterest-assets/uploaded/weekend-travel-short-getaway-ai-photo-pack/30-complete-weekend-travel-lifestyle-toolkit-scene.jpg","C:\Users\김승원\Documents\New project 6\github_upload_ready_jpg\pinterest-assets\uploaded\weekend-travel-short-getaway-ai-photo-pack\30-complete-weekend-travel-lifestyle-toolkit-scene.jpg","255814","223040c8fa40b7cf2ba99eb1b47b25a1a81208a506c748f6e9b78341cd635ab0","30-complete-weekend-travel-lifestyle-toolkit-scene.png"
"y2k-retro-digital-backgrounds-ai-pack","18-purple-chrome-tunnel-background.jpg","pinterest-assets/uploaded/y2k-retro-digital-backgrounds-ai-pack/18-purple-chrome-tunnel-background.jpg","https://raw.githubusercontent.com/noma-studio/noma-studio/main/pinterest-assets/uploaded/y2k-retro-digital-backgrounds-ai-pack/18-purple-chrome-tunnel-background.jpg","C:\Users\김승원\Documents\New project 6\github_upload_ready_jpg\pinterest-assets\uploaded\y2k-retro-digital-backgrounds-ai-pack\18-purple-chrome-tunnel-background.jpg","159363","bd58c8a2df5f22b3808cd9f66fbc99d43faa7d60235a612605d21488be3bcc7c","18-purple-chrome-tunnel-background.png"
"y2k-retro-digital-backgrounds-ai-pack","27-digital-butterfly-wing-gradient-background.jpg","pinterest-assets/uploaded/y2k-retro-digital-backgrounds-ai-pack/27-digital-butterfly-wing-gradient-background.jpg","https://raw.githubusercontent.com/noma-studio/noma-studio/main/pinterest-assets/uploaded/y2k-retro-digital-backgrounds-ai-pack/27-digital-butterfly-wing-gradient-background.jpg","C:\Users\김승원\Documents\New project 6\github_upload_ready_jpg\pinterest-assets\uploaded\y2k-retro-digital-backgrounds-ai-pack\27-digital-butterfly-wing-gradient-background.jpg","204891","1d7c559d33a5aecacd369c80d8ae4001873b53cee14ef9568b8f9102afbd821c","27-digital-butterfly-wing-gradient-background.png"
"y2k-retro-digital-backgrounds-ai-pack","30-complete-y2k-retro-digital-backgrounds-toolkit.jpg","pinterest-assets/uploaded/y2k-retro-digital-backgrounds-ai-pack/30-complete-y2k-retro-digital-backgrounds-toolkit.jpg","https://raw.githubusercontent.com/noma-studio/noma-studio/main/pinterest-assets/uploaded/y2k-retro-digital-backgrounds-ai-pack/30-complete-y2k-retro-digital-backgrounds-toolkit.jpg","C:\Users\김승원\Documents\New project 6\github_upload_ready_jpg\pinterest-assets\uploaded\y2k-retro-digital-backgrounds-ai-pack\30-complete-y2k-retro-digital-backgrounds-toolkit.jpg","167733","b46b070ec57c000b1195fa8ac1a541b04b5193381e6a9925d73dab0b65645cf0","30-complete-y2k-retro-digital-backgrounds-toolkit.png"
